{"type":"FeatureCollection","features":[{"type":"Feature","properties":{"source":"Natural Earth 10m land, clipped to western US bbox"},"geometry":{"type":"MultiPolygon","coordinates":[[[[-118.28878202099986,28.86808259100016],[-118.29839224199992,28.876797863000064],[-118.2947497589999,28.888623817000138],[-118.28358639699985,28.89256964400002],[-118.29274641999987,28.91571715600017],[-118.29747224799992,28.930890638000108],[-118.29404346699991,28.948116962000057],[-118.29998013599995,28.967758886000126],[-118.3159901079999,28.981686714000034],[-118.30434304499988,28.998019411000143],[-118.31367863899996,29.02556306900013],[-118.32349524599995,29.039965813000066],[-118.33527606599984,29.051158149000088],[-118.35551847,29.06700397300014],[-118.35820540899995,29.083665909000047],[-118.36401878799992,29.0983147930001],[-118.36880422899992,29.114401178000065],[-118.36538298799991,29.131653493000044],[-118.3567780329999,29.14948061000007],[-118.33672881399987,29.163293131000103],[-118.30924962199987,29.171555914000123],[-118.29634558599987,29.186158661],[-118.2737551869999,29.189562864000123],[-118.25589454999995,29.180932220000102],[-118.2836932419999,29.15185512000008],[-118.2861760709999,29.136439960000132],[-118.27911252799989,29.116244771000197],[-118.26720977299995,29.098056713000148],[-118.25147802899991,29.089444080000106],[-118.22958889199988,29.061719536999988],[-118.22052873299987,29.015180125000086],[-118.22907773499988,28.995973456000144],[-118.22136451799992,28.959342583000108],[-118.22580357499994,28.915052061000125],[-118.25136204399992,28.88454189],[-118.27037512899992,28.88617584799999],[-118.28201988599992,28.879102129000103],[-118.28921437099984,28.878881774000092],[-118.28878202099986,28.86808259100016]]],[[[-116.1096119459999,30.495346739000126],[-116.1042395039999,30.488080085000092],[-116.1041750319999,30.482589479000097],[-116.11476364399991,30.482034513000087],[-116.12276736499992,30.48516743500005],[-116.12284389899995,30.491572071000093],[-116.11441068299993,30.496223352000186],[-116.1096119459999,30.495346739000126]]],[[[-117.25369333799992,32.4208020800001],[-117.24763923499984,32.418630495],[-117.24503164799991,32.414626732000016],[-117.23935099899992,32.39713975799998],[-117.2393207409999,32.38911773000015],[-117.24320544999989,32.388742780000115],[-117.24802681699994,32.40732653800015],[-117.25106411699988,32.41096301900009],[-117.25369333799992,32.4208020800001]]],[[[-118.54978729899993,33.00157693900013],[-118.54504930999985,32.98561292900018],[-118.51602297599993,32.95816231800006],[-118.50442405699991,32.94132922400013],[-118.4835626019999,32.921599942000114],[-118.46673894099986,32.91481984800009],[-118.45066160199994,32.89762455500011],[-118.40710968799995,32.86425786299998],[-118.38198355999988,32.84766240200017],[-118.35876639199992,32.82782849700001],[-118.35094153599988,32.8186709660001],[-118.36359615799985,32.81683991100013],[-118.38418070099995,32.82439135700011],[-118.40148337999992,32.819990138],[-118.40416419199995,32.812404690000164],[-118.4113663399999,32.80980052299998],[-118.4250110879999,32.80241614000013],[-118.42904342299994,32.80287277400009],[-118.43836738799985,32.816921658000155],[-118.44991504599989,32.818819046000016],[-118.4742631539999,32.83812172300017],[-118.4899012489999,32.84490356400008],[-118.49914971899996,32.85062791900012],[-118.50677171099991,32.86524926000013],[-118.5085953839999,32.87646877300011],[-118.52015155999993,32.88546686900014],[-118.53123481199992,32.90340769500014],[-118.53759317099986,32.9057514980002],[-118.54691773899991,32.918750014000096],[-118.54818761999991,32.93719082400011],[-118.55170185099989,32.94541111900017],[-118.57554647899988,32.96900434100007],[-118.57990475199989,32.98777903900017],[-118.5867534669999,33.003329658000126],[-118.59375944499995,33.01394606600013],[-118.60824456899987,33.01437678400006],[-118.60721528699987,33.03085635200014],[-118.59569063399995,33.03528130100014],[-118.58985748799986,33.02996711600011],[-118.57716484499986,33.03245574900012],[-118.56436711299995,33.02376211100017],[-118.56546545899995,33.01840765200015],[-118.56018012599989,33.00633069700001],[-118.54978729899993,33.00157693900013]]],[[[-119.43446258299986,33.23131705300014],[-119.43433697499987,33.224011786],[-119.43918244799994,33.219843984000136],[-119.44681267799986,33.219295845000175],[-119.4565826329999,33.21598048700011],[-119.4685945649999,33.21629215500016],[-119.4729420589999,33.2153242630001],[-119.49101544099996,33.21875213000013],[-119.49536509099997,33.21732714000015],[-119.5025145529999,33.22089116900017],[-119.51509998899992,33.22210224200012],[-119.52338228399988,33.22793284200017],[-119.54418833299992,33.23131974400019],[-119.56690933999994,33.247472164000015],[-119.56700365399993,33.25249603000012],[-119.5742254719999,33.25879713000012],[-119.57269858099995,33.26475566400009],[-119.5789260439999,33.27609667500019],[-119.57789412899987,33.279308044000146],[-119.56244784599993,33.27174124000015],[-119.55058211199994,33.280117057000126],[-119.54288642399985,33.28017829500013],[-119.53210348999993,33.28627825800007],[-119.51333998999988,33.27645666900011],[-119.4978482079999,33.26612482700014],[-119.48860446699987,33.26718812600009],[-119.48253091599987,33.26360334700013],[-119.46220396799987,33.25654452600014],[-119.44339065499987,33.24216971000013],[-119.43446258299986,33.23131705300014]]],[[[-118.4997061739999,33.4518125000001],[-118.49877032099992,33.44266571300011],[-118.49306057799991,33.441589198000145],[-118.4856365369999,33.44487659300009],[-118.48432964099996,33.4470935760001],[-118.4769007149999,33.44744540300019],[-118.47249928899988,33.441963898000125],[-118.4680757839999,33.44240871100007],[-118.46282369299992,33.43984386600013],[-118.45754044199995,33.43511020400015],[-118.44479115899986,33.42858401300012],[-118.43730779599993,33.42936259100014],[-118.43385321399991,33.42715536500012],[-118.42944346299991,33.42828272600005],[-118.4211198709999,33.42794762600013],[-118.39444917799993,33.41596276300015],[-118.38909845599997,33.41746052800008],[-118.3825989769999,33.410526297000104],[-118.37402780099984,33.41020677200004],[-118.36920648399989,33.40839266200004],[-118.36690751399992,33.39888192800012],[-118.36958062699995,33.3948497400001],[-118.36828946099988,33.38900258300009],[-118.36337639499988,33.388277561000166],[-118.35513115199987,33.37734631900014],[-118.34362819599988,33.366762193000056],[-118.33175731399993,33.35911283400006],[-118.3265143399999,33.348901252000076],[-118.32634365699991,33.344607568000185],[-118.32276464099989,33.34313241700016],[-118.3172546389999,33.34342923600002],[-118.30866539599994,33.336420001000135],[-118.30434444999992,33.319268941000104],[-118.3078543329999,33.31872443899999],[-118.3105836299999,33.31423148400003],[-118.30434011399991,33.30904002300011],[-118.3121278379999,33.305542270000075],[-118.31470902199995,33.301629145000135],[-118.32603490699985,33.298632797000096],[-118.3460167319999,33.30523135900009],[-118.35494658399998,33.31294461800013],[-118.36400324799988,33.315047967],[-118.37479615899991,33.31951177900012],[-118.41046568499989,33.32037192500016],[-118.42266426299997,33.31663417400006],[-118.44383480599987,33.31882671300011],[-118.46358558599991,33.32351431000009],[-118.48424394399989,33.34607455200015],[-118.48958155899992,33.35849893900007],[-118.48439996999991,33.368413836000116],[-118.48616495699993,33.37242775400014],[-118.48007171099991,33.3801432330001],[-118.47487230999985,33.38237095500003],[-118.47932423699987,33.3867502760001],[-118.48723217699987,33.40281189000015],[-118.48452331699991,33.40538111300009],[-118.48714958099987,33.40830412200009],[-118.48634580099989,33.41596784400011],[-118.49073464099985,33.419625399000154],[-118.50390751399989,33.42322490200007],[-118.51049625099988,33.42393812500012],[-118.51565411899988,33.4230052800001],[-118.5207888979999,33.4275146710001],[-118.53508478499988,33.4293118250001],[-118.54298821899994,33.43292277100011],[-118.55922627799994,33.43285399200008],[-118.56673559899988,33.436856014000114],[-118.57285073199986,33.437906618000085],[-118.57411722599994,33.446613767000116],[-118.57904909799989,33.44847636500003],[-118.58438250599993,33.45286411400008],[-118.59588119899992,33.4667056290001],[-118.60211622299995,33.47147008300007],[-118.60391336799988,33.476588999000114],[-118.59686781099992,33.47697321100003],[-118.58677851199992,33.47557135900013],[-118.5780027079999,33.47635080500012],[-118.5634358989999,33.47342657600012],[-118.5459375399999,33.47502876200008],[-118.53586083799988,33.47727816200003],[-118.53010272599995,33.469976175000085],[-118.52437788599985,33.46671487800009],[-118.51774751599989,33.459782452000155],[-118.50805799699994,33.45468097300014],[-118.4997061739999,33.4518125000001]]],[[[-118.25762853399989,33.71655407000014],[-118.26132634199986,33.72500014400006],[-118.25912648099984,33.72940713800011],[-118.2443200619999,33.73429096000007],[-118.2489938639999,33.74942726000003],[-118.25385396199995,33.746218959000146],[-118.25110728999988,33.73626911900013],[-118.26056233199989,33.73345394400019],[-118.26861511099987,33.728931446000075],[-118.27085914999991,33.73963957000004],[-118.26750609599995,33.7470287860001],[-118.25498886199998,33.75808264400004],[-118.25031995199993,33.75755544000003],[-118.22657762499996,33.765449583000105],[-118.22391862499987,33.756066514000025],[-118.24387822999985,33.75084421600013],[-118.23634610999996,33.728046034000016],[-118.25013442599995,33.72361820800012],[-118.24557149699989,33.71487945800013],[-118.25762853399989,33.71655407000014]]],[[[-119.97878144899997,33.95937099600013],[-119.97069278499995,33.952931074000105],[-119.96883015999994,33.94111657900001],[-119.99962846799993,33.94147922799999],[-120.01894977299995,33.934153299000116],[-120.04968837599988,33.914781298000065],[-120.07129052499988,33.91178508400006],[-120.08062679299992,33.90636282900013],[-120.10129847299993,33.906888901000144],[-120.10901104399991,33.899737962000074],[-120.1098911639999,33.893140151000125],[-120.12420565499991,33.895086377000126],[-120.13340063499989,33.9028244080001],[-120.17560998499991,33.9222315530001],[-120.18942804599995,33.94479976300002],[-120.19807957699992,33.95210149500011],[-120.21024398799992,33.97248773900006],[-120.2193594679999,33.97672314900012],[-120.22549272399995,33.98845845800014],[-120.23718143299993,33.99171331300016],[-120.2485167049999,34.00112715800003],[-120.23656499099991,34.00880322000012],[-120.21761599999988,34.01054115500011],[-120.20105534199992,34.004695622000156],[-120.18581999499993,34.0089181860001],[-120.17096285999989,34.00741391900007],[-120.14548093499987,34.02449689800008],[-120.13609778599995,34.024725653000104],[-120.09666530399993,34.017860670000175],[-120.07247756799987,34.024894548000134],[-120.05787483599991,34.037784863000155],[-120.04413872999989,34.037272705000134],[-120.04232451999988,34.02808116200009],[-120.0499376739999,34.01560537099999],[-120.04700351399987,34.003812582000194],[-120.03396853199986,33.98957719500007],[-120.00833738899992,33.97902667000011],[-119.98040727299993,33.98346712400016],[-119.97878144899997,33.95937099600013]]],[[[-119.75926250499987,34.05580882100011],[-119.75283363499996,34.052281636000146],[-119.74429277299993,34.05215078300006],[-119.73700545599986,34.04643023600005],[-119.7321474729999,34.04855746400011],[-119.71183593499984,34.04225486400017],[-119.7037955169999,34.034561746000094],[-119.69238191699993,34.028223749000176],[-119.68535982099989,34.01987128900009],[-119.67702267999992,34.02075057500019],[-119.6666367949999,34.01676488700019],[-119.65439772699993,34.01908473400002],[-119.6331826659999,34.01363500700003],[-119.61563911799989,34.01954313700011],[-119.6079308069999,34.02947425800008],[-119.61007932599995,34.03964593900014],[-119.5886408509999,34.049712044000074],[-119.57540772099993,34.05067721000009],[-119.56493079299993,34.05532461100012],[-119.5325218829999,34.04142391000008],[-119.5214942259999,34.0342913290001],[-119.5294260599999,34.02524840600009],[-119.54266634599993,34.020164343000175],[-119.54783312899987,34.00384712500002],[-119.55952121899989,33.99430864900012],[-119.5803258669999,33.99358623500004],[-119.58949754799991,33.98900558300002],[-119.65768259699985,33.986061775999985],[-119.66704815099992,33.983050180000106],[-119.67327814699989,33.978096858000185],[-119.6821160849999,33.976333644000135],[-119.68494514199995,33.97387414300002],[-119.70017402699993,33.96873849400009],[-119.70647854499994,33.96867457900004],[-119.71269085599997,33.9616742930001],[-119.71951204199992,33.95913429300009],[-119.7422132809999,33.96244951400013],[-119.7534684009999,33.962301480000036],[-119.75923919099989,33.9573416990001],[-119.77204750099989,33.959598317000115],[-119.78825117699988,33.95976513300013],[-119.8015655119999,33.96321112900017],[-119.81720483499991,33.959337927000064],[-119.82519739499989,33.96653235399998],[-119.84050405199991,33.96957415300014],[-119.85076733199992,33.96738303100011],[-119.86671138399991,33.9789342760001],[-119.87410932099989,33.98004656500012],[-119.88126199699991,33.991349371000155],[-119.88706871099996,34.00877665800013],[-119.87708212099993,34.024386762000034],[-119.87722180199985,34.03248276600013],[-119.8862544989999,34.038108749000116],[-119.89917946699987,34.049601328000136],[-119.91912316699987,34.05753694000012],[-119.92154978099992,34.054679350000015],[-119.92846837699993,34.05580020300013],[-119.93301909299987,34.0602291460001],[-119.92429204599989,34.066858478000086],[-119.91722485799993,34.0788203270001],[-119.90462789399992,34.07430180300008],[-119.88704397599986,34.07430096800002],[-119.85641193299995,34.07055194200015],[-119.83515986699987,34.06358567600009],[-119.8243708979999,34.05508047100008],[-119.80699622299991,34.0519473330001],[-119.78774018799987,34.0561885690002],[-119.75926250499987,34.05580882100011]]],[[[-120.3113060099999,34.03447655500017],[-120.30655653399994,34.026397044000106],[-120.30830126999987,34.01820039000003],[-120.3512321229999,34.01902210800017],[-120.3604392399999,34.014757433],[-120.37382453899994,34.01776439200012],[-120.38238205899985,34.02412867300009],[-120.39277421299995,34.02596575100003],[-120.40622572799987,34.03141492300006],[-120.41519401099993,34.032468784000116],[-120.4237695539999,34.02494595000013],[-120.43819694199992,34.02955978300014],[-120.44608813399994,34.03021664100012],[-120.44920267599989,34.035865963000106],[-120.43797038499991,34.03853827400013],[-120.41527371399985,34.05449606500014],[-120.40340594899988,34.051456813000016],[-120.39404270099992,34.05328521800004],[-120.38000949599993,34.06089768100017],[-120.36897902899995,34.071311326000085],[-120.36906802899995,34.07622510000016],[-120.36221269399992,34.071682033000116],[-120.35896617299989,34.06497236100009],[-120.35626212699988,34.05851053300012],[-120.36069036099991,34.053097529000155],[-120.35601777399992,34.047080956000144],[-120.34458184199988,34.04649222000012],[-120.33576610699993,34.04870292600006],[-120.33030114099984,34.04717481300011],[-120.31832577499983,34.04005500500014],[-120.3113060099999,34.03447655500017]]],[[[-111.28183590499994,28.091529312000176],[-111.3003717779999,28.129349264000012],[-111.3326482719999,28.160407105000075],[-111.34044348899988,28.205267645000163],[-111.34935462099992,28.215765692000133],[-111.3524470689999,28.216538804000066],[-111.36676998599988,28.215765692000133],[-111.37279212099989,28.21771881699999],[-111.3848363919999,28.24164459800005],[-111.38833574099989,28.263373114000103],[-111.39411373599987,28.273830471000082],[-111.43883216099991,28.30849844000008],[-111.45177161399991,28.325628973000107],[-111.4583227199999,28.347235419000015],[-111.45205644399994,28.358832098000107],[-111.44229081899991,28.369289455000114],[-111.43814042899987,28.387111721000082],[-111.47350012899989,28.38104889499999],[-111.58620402599989,28.415414668000096],[-111.6495410339999,28.444398917000115],[-111.67367216399988,28.45228486400012],[-111.70835409699987,28.46014118500011],[-111.72363810999988,28.501201297000165],[-111.74194319699984,28.539617281],[-111.76060950399993,28.58397044500012],[-111.92039954299986,28.720038153000132],[-111.94007215599991,28.746447444000154],[-111.94937979899989,28.756513934000026],[-111.94508248499996,28.763422516000105],[-111.93290793299991,28.76340888700014],[-111.92144725999987,28.767792578000098],[-111.90353532599993,28.779704056000156],[-111.89435787699989,28.780666408000087],[-111.87637285099994,28.75283437700014],[-111.86705481699991,28.7495791690001],[-111.86119544199995,28.753241278000132],[-111.85749264199991,28.762274481000162],[-111.85602779899995,28.773627020000134],[-111.8570857409999,28.78436920800013],[-111.86823482999993,28.80312734600011],[-111.88361568899988,28.803290106000162],[-111.90200761599992,28.79999420800013],[-111.92501710499992,28.801718859],[-111.95294523299992,28.82498053100008],[-111.96727145799993,28.841320533000072],[-112.00451443799989,28.855152588000124],[-112.03029557999989,28.861430953000024],[-112.03526770699997,28.880560614000075],[-112.04891995599989,28.88589241599999],[-112.04677355799993,28.895933908000103],[-112.06109715499989,28.908517462000162],[-112.08401944399986,28.923540051000117],[-112.09118593499997,28.938583944000186],[-112.09886633999986,28.950873114000018],[-112.10552631799989,28.957377676000164],[-112.11557599999989,28.961755502000187],[-112.12921614999996,28.964250974000066],[-112.1507251949999,28.962978092000156],[-112.16650771699994,28.9667257050001],[-112.17081866399985,28.972993070000143],[-112.15217895799992,28.98743552200017],[-112.17091819599992,29.04716180200012],[-112.17308758499992,29.070372575000164],[-112.18601746199992,29.074745442000136],[-112.18387199699987,29.08415728600002],[-112.16494706899996,29.109930731000105],[-112.16612708199989,29.120428778000075],[-112.17746890999987,29.140602336000086],[-112.19475279499989,29.15751875000018],[-112.19114764199993,29.16691973000013],[-112.20913652299994,29.18097565300016],[-112.2270401679999,29.188421942000133],[-112.21358415299996,29.227754780000083],[-112.2114248039999,29.252807879999978],[-112.23945332799988,29.31533664599999],[-112.26347388199987,29.32998048800016],[-112.31400174899991,29.330542532000123],[-112.32334768299985,29.326753219000125],[-112.33052754999991,29.321086728000125],[-112.33214270699996,29.316351630000128],[-112.3294571609999,29.30825429900011],[-112.33307857999995,29.296535549000026],[-112.34129798099985,29.300930080000086],[-112.35676021999988,29.318793036000073],[-112.39388944099993,29.33282606100005],[-112.41122409299989,29.34472814300011],[-112.41982229999988,29.37590965000001],[-112.40737870999996,29.40436432500016],[-112.38536536399995,29.443182684000078],[-112.3778376939999,29.462795315000136],[-112.37775381199988,29.485729055000093],[-112.3871499669999,29.498274969000136],[-112.4080370899999,29.50270699900011],[-112.41959859099984,29.51020887599998],[-112.43045237699994,29.520222293000188],[-112.4290928089999,29.54156411400004],[-112.43199622299996,29.561183986000174],[-112.46662350199995,29.585638739000018],[-112.50597170999993,29.61691878500008],[-112.53587805899993,29.688218492000175],[-112.5437719389999,29.698228257000068],[-112.5604759679999,29.69634125099998],[-112.58018958199996,29.718003648000092],[-112.58702551999988,29.732652085000097],[-112.59581458199995,29.77130768400005],[-112.61025956899991,29.791896877000084],[-112.62653561099985,29.809881903000104],[-112.6379288399999,29.825873114000103],[-112.65831458199989,29.883449611],[-112.66945523099992,29.897622723000126],[-112.6863500639999,29.907782294000157],[-112.69338240899991,29.903178992000136],[-112.70934523499996,29.909995156000093],[-112.72957736899994,29.90301203400017],[-112.74628702099996,29.910465452000125],[-112.75147171699987,29.924263526000118],[-112.73926580899989,29.941248914000028],[-112.74448754899993,29.958832783000076],[-112.7360016029999,29.987754070000108],[-112.7304581369999,30.01337311400013],[-112.73794511599995,30.02802155200004],[-112.75881512299986,30.05918058000003],[-112.75961189099988,30.076086279000123],[-112.75276508699994,30.129403427000113],[-112.7532359699999,30.18588295300009],[-112.76429326199988,30.211519729000145],[-112.77961668199988,30.22988428400012],[-112.79575359299994,30.246732371000064],[-112.80894896999989,30.258582947000036],[-112.8287843129999,30.269181114000133],[-112.84626318499988,30.27159364200017],[-112.85491512899998,30.26275591900017],[-112.86078966099984,30.268998923000055],[-112.84859448399996,30.288529738000193],[-112.8466466519999,30.319285425000118],[-112.84774316099995,30.361345324000013],[-112.85602779899993,30.40058014500002],[-112.87067623599985,30.42853424700013],[-112.91539562299988,30.475129516000123],[-112.98654348699984,30.53235190200013],[-113.04125758899995,30.60853101800015],[-113.0798948549999,30.670441074000053],[-113.11385972799988,30.781179564000155],[-113.12884060399995,30.812439603000144],[-113.1109079489999,30.84333253400007],[-113.0999405589999,30.906834639000152],[-113.09735918199993,30.94600791400012],[-113.09992141199992,30.979240707000116],[-113.1307829549999,31.05054715700004],[-113.13096083199987,31.06498964700006],[-113.1229145099999,31.066933307000113],[-113.11619285799992,31.056936244000127],[-113.10408048799988,31.02500869400012],[-113.08981962599987,30.99312191500013],[-113.0831871039999,30.989407858000163],[-113.07677161399994,30.997056382000068],[-113.05589758999989,31.03070709800008],[-113.05379930499991,31.07889108800009],[-113.05352467799992,31.12342322500018],[-113.04872293699991,31.15669166700016],[-113.0694221699999,31.172218187],[-113.09174437099996,31.20215244700009],[-113.11686949799987,31.217645212000065],[-113.14549627999986,31.21929324500016],[-113.14394233499989,31.209906639000053],[-113.11667699399993,31.19758888400014],[-113.12099381799987,31.190025639],[-113.13867242299996,31.195533275000145],[-113.19704639399993,31.22518779100011],[-113.20864824099992,31.24843984600011],[-113.22199459499984,31.260402736000117],[-113.23289954299992,31.288031317000133],[-113.24583899599992,31.286932684000192],[-113.26170813699986,31.28058502800016],[-113.27599036399994,31.278265692000105],[-113.26431230399994,31.262844143000166],[-113.2520238919999,31.256048895000134],[-113.23786373599987,31.251776434000135],[-113.22934889999995,31.245095622000065],[-113.24144437899993,31.241239754000162],[-113.27839107999989,31.250637111],[-113.43402415499986,31.276236063000027],[-113.48185810299994,31.286450397000067],[-113.54894790099986,31.295700208000056],[-113.55846418199987,31.31561327300011],[-113.58537856599993,31.323163873000084],[-113.62226888899994,31.325583966000124],[-113.64349239999987,31.34177479900012],[-113.63688376899984,31.347576984000057],[-113.61839489499995,31.344939871000093],[-113.60930600799986,31.352915131000145],[-113.61961829299992,31.381781317000048],[-113.63583192699994,31.434851190000188],[-113.63467582499993,31.465626586000127],[-113.65957666299994,31.497539584000066],[-113.71358783299988,31.531902301000116],[-113.75754479999989,31.549214858000113],[-113.7745815309999,31.563314466000094],[-113.80398738199996,31.564353007000136],[-113.87572180899986,31.596747137000193],[-113.88487708199993,31.614691473000136],[-113.91299394399992,31.604641018000166],[-113.92617753799988,31.601467190000108],[-113.93952389199988,31.60040924700013],[-113.95783443899985,31.615952867000146],[-113.96251380099996,31.65521881700016],[-113.97769120999995,31.663072007000125],[-113.98037675699993,31.650295315000108],[-113.97988847599994,31.59593333500007],[-113.98106848899997,31.586737372000016],[-113.9740291009999,31.579087632000068],[-113.96678626199989,31.577053127000056],[-113.96141516799992,31.57811107000009],[-113.96003170499985,31.579901434000192],[-113.95099850199993,31.56801992400014],[-113.96288001199989,31.56289297100011],[-113.97966875699989,31.5452064830001],[-113.98276729899993,31.53228497200007],[-113.99273998399987,31.527129052000134],[-114.00530278799988,31.525509701000175],[-114.01878821499994,31.504055080000143],[-114.02894224699988,31.491539208],[-114.11787302699992,31.49230793300012],[-114.15901272199989,31.494508617000122],[-114.20888787799993,31.51228340300017],[-114.23195014399994,31.530488248000097],[-114.25981668699993,31.538597574000136],[-114.28784480599985,31.55243048000017],[-114.31208248599987,31.57587311400013],[-114.32466449299997,31.5825520490001],[-114.3274803949999,31.59466515000014],[-114.36054094899993,31.608374101000038],[-114.4321259439999,31.64634315900011],[-114.4481364839999,31.64891022600017],[-114.46122869199993,31.667259179000098],[-114.49426315499994,31.677366307000142],[-114.54067929499985,31.717235522000152],[-114.5847118109999,31.760754824000117],[-114.60391191299993,31.76532623899999],[-114.67723548099987,31.764064846000082],[-114.68683834499984,31.765529690000136],[-114.69591223899994,31.771063544000157],[-114.71751868399994,31.792222398000064],[-114.72704016799993,31.795477606000105],[-114.74697831899992,31.810003973000136],[-114.75885982999988,31.813299872000158],[-114.79360917899993,31.81655508000003],[-114.80353756399984,31.819525458000044],[-114.81696529899992,31.83047109600011],[-114.8426000639999,31.861517645000106],[-114.85505123599991,31.867905992000146],[-114.87572180899993,31.87295156500008],[-114.93382727799988,31.90888092700007],[-114.95612545499992,31.91811758000003],[-114.96841386599988,31.92133209800008],[-114.98135331899988,31.922552802000098],[-114.99132239499997,31.924790757000068],[-115.00584876199991,31.934556382000125],[-115.01207434799997,31.93683502800019],[-115.01569576699984,31.94220612200013],[-115.01748613199992,31.953843492000146],[-115.0210668609999,31.965562242000146],[-115.02944902299994,31.970933335000097],[-115.03522701699991,31.966050523000035],[-115.03473873599984,31.95473867400014],[-115.03062903599988,31.942084051999984],[-115.01622473899991,31.91909414300008],[-115.0119522779999,31.914740302000013],[-115.00210527299988,31.90888092700007],[-114.99453691299993,31.9065615910001],[-114.96861731699993,31.902085679000038],[-114.95132402299993,31.8944766300001],[-114.93618730399993,31.884751695000148],[-114.92345130099989,31.873521226000122],[-114.91340084499991,31.861070054000123],[-114.88895799699988,31.856349653],[-114.87001782199987,31.839946936000132],[-114.85617742699992,31.822230324000117],[-114.8494360019999,31.80609772300005],[-114.83503170499985,31.801906643000024],[-114.82799231699997,31.789780992000118],[-114.81598873599985,31.719142971000167],[-114.80744381399984,31.698309637000165],[-114.79295813699989,31.6792666690001],[-114.78062903599994,31.65582916900013],[-114.78864498599988,31.63617584800008],[-114.8239639959999,31.60040924700013],[-114.84113521999984,31.566839911000102],[-114.85291027199987,31.52660633700006],[-114.8523104819999,31.389429787000154],[-114.87519857299989,31.328701516000166],[-114.87262745599988,31.272666801000128],[-114.8837830749999,31.182244539000123],[-114.88867790299989,31.162892087000102],[-114.88404305299991,31.12071543300013],[-114.86390442999995,31.089673226000116],[-114.83816541399996,31.066614429000026],[-114.8134709589999,31.049985552000123],[-114.8149308119999,31.04279989500003],[-114.83291581899994,31.02741120000013],[-114.83238684799996,31.006659247000158],[-114.82176673099991,30.988959052000155],[-114.80353756399984,30.976629950000103],[-114.7363358929999,30.949346628000143],[-114.7202588999999,30.941097776000106],[-114.71676455499988,30.93544883499999],[-114.71489978199988,30.92833692300013],[-114.7104517729999,30.91841605300013],[-114.70909583199989,30.884955145000106],[-114.7046015459999,30.858455784000114],[-114.70919746399996,30.84405820000015],[-114.69685935999988,30.81998463700012],[-114.70058179999985,30.774816066000056],[-114.68724167599991,30.74499434200004],[-114.69365411399988,30.736264899000133],[-114.70546817299994,30.711718878000084],[-114.69644518999989,30.687496928000115],[-114.69189140199987,30.6709998030002],[-114.69847440399992,30.63721156300008],[-114.68432607299991,30.606765191000164],[-114.66182491199994,30.57433692900014],[-114.64964612999991,30.554560873000156],[-114.64525305899987,30.524115302000126],[-114.6305986389999,30.49487410300017],[-114.63020674299989,30.480577456000134],[-114.63805532699985,30.46326768500012],[-114.63663632599986,30.441838472000114],[-114.62952016399993,30.42480280500004],[-114.63454925499992,30.3967896340001],[-114.6406021119999,30.375214558000124],[-114.63531370299985,30.364561504000022],[-114.64396295699989,30.313731103000094],[-114.65151933499992,30.2964541690001],[-114.65269934799994,30.288275458000015],[-114.65094967399995,30.27700429900011],[-114.64011632499985,30.263756544000074],[-114.65158230099988,30.22848386700008],[-114.65530153199985,30.213397818000175],[-114.66573313099993,30.19956817600007],[-114.66030230499992,30.183252241000105],[-114.65264408799989,30.174826159000162],[-114.64217386799992,30.15502846200016],[-114.63068600199993,30.144517320000062],[-114.63078309199997,30.132384926000157],[-114.62460082499986,30.11749534100008],[-114.60453332699991,30.110741383],[-114.59655075799989,30.089450043000056],[-114.58037751499984,30.072604697000173],[-114.58143418399996,30.051117130000137],[-114.55814530999993,30.01763005400008],[-114.53313208699987,29.967950990000105],[-114.48130631299992,29.947299237000067],[-114.47269842199984,29.91897398100005],[-114.45934062199986,29.91011513400008],[-114.42771934599989,29.90729511400008],[-114.40879484399993,29.88094200100008],[-114.41509688899991,29.854766497000128],[-114.40302801499992,29.832824062000128],[-114.39629715199989,29.827228182000056],[-114.40319239499992,29.82684166200005],[-114.40863389799993,29.82137416000009],[-114.4094385219999,29.815433021000047],[-114.39825717899988,29.809706831000113],[-114.39608070899992,29.805173136000064],[-114.3958175539999,29.79611063000013],[-114.39224001099984,29.783011607000134],[-114.38125128399986,29.774451764000133],[-114.3710969579999,29.770169518000102],[-114.36314417999985,29.772064434000043],[-114.35326322699986,29.76801799899999],[-114.34585134899989,29.75873098600013],[-114.3458493979999,29.75158638700006],[-114.33954217999994,29.74472279400007],[-114.32252564099993,29.74110053100003],[-114.29704342399987,29.742350247000047],[-114.28881109599988,29.748292832000146],[-114.28606085799996,29.75661853800014],[-114.29234234399992,29.757059515000122],[-114.29398522599988,29.761344352000094],[-114.29288662899984,29.766585621000132],[-114.28552387499994,29.765682184000184],[-114.28053984499994,29.772066592000044],[-114.27865029399992,29.770426838000077],[-114.27371637799989,29.77019026300013],[-114.27121498399995,29.772068418000117],[-114.26577682499995,29.769246516000038],[-114.26330383999988,29.76471662300014],[-114.2602468909999,29.76539764000009],[-114.25755018899989,29.76043110000012],[-114.25394764299998,29.762067783000077],[-114.24347797099995,29.762985342000064],[-114.2359051659999,29.75859979900011],[-114.22768398699992,29.750007879000094],[-114.2211022599999,29.749059239000132],[-114.22029101799991,29.746404531000138],[-114.20848461399996,29.74477532300014],[-114.20330972099988,29.73973405600003],[-114.20032236099989,29.72735419100013],[-114.1962347699999,29.721877324000047],[-114.19047495499993,29.71997331400007],[-114.18720570399988,29.714262681000093],[-114.18331533999987,29.712833956],[-114.18170877499989,29.709500576000067],[-114.17537240999991,29.70473115000013],[-114.16494813799991,29.70019387200017],[-114.16056742999992,29.69232826400011],[-114.15783263299996,29.69042093800013],[-114.1504069209999,29.693979758000154],[-114.14260456499994,29.690668948000052],[-114.14125198999994,29.682821113000074],[-114.1326156379999,29.6765675340001],[-114.13201136899991,29.670936835000163],[-114.12658097799994,29.67035985600012],[-114.11237498999994,29.656055207000122],[-114.1112226829999,29.65306175799998],[-114.09738607299991,29.647965692000128],[-114.09020257799992,29.642441610000105],[-114.08222569599991,29.64098199300014],[-114.06265575299993,29.62931622800008],[-114.05938861099987,29.61666904800012],[-114.0503782969999,29.605218922000148],[-114.04627592999992,29.596376266000078],[-114.03259000799989,29.59442892600009],[-114.03039580399988,29.593208578000173],[-114.0276805699999,29.58726454800015],[-114.02304844199992,29.584202874000056],[-114.02250896599986,29.581341168000165],[-114.01486293499997,29.57795358900009],[-114.00557394999993,29.576748600000116],[-113.99433351899991,29.576981853000063],[-113.98128726399995,29.567895576000012],[-113.97419358499992,29.556943620000055],[-113.96552405899989,29.546708029000115],[-113.95806459999989,29.540235620000175],[-113.95200340399994,29.538775450000145],[-113.94313459799986,29.524751897000158],[-113.9305016149999,29.520161322000092],[-113.89746438199984,29.485649941000105],[-113.8803168079999,29.477049733000143],[-113.86504741599995,29.46365559500009],[-113.85032356099991,29.458786835000126],[-113.83866529499996,29.456602332000102],[-113.83194892899989,29.450170392000132],[-113.83267400199993,29.435245228000127],[-113.8247526589999,29.429886443000044],[-113.81310704299992,29.428236665000128],[-113.80388811199991,29.424445129000134],[-113.7966315239999,29.416436904000022],[-113.78738641299987,29.414768583000097],[-113.7708664939999,29.407756444000142],[-113.68083996199996,29.315998444000115],[-113.64851685399994,29.29396074000016],[-113.63633087599992,29.282178761000154],[-113.63157910099996,29.26396092000013],[-113.62486924199989,29.25860173400011],[-113.6230756609999,29.25271410500011],[-113.63848133399995,29.240484145000124],[-113.64732052099988,29.228004951000088],[-113.65655733899987,29.218440144000056],[-113.65533690299988,29.207323395000145],[-113.63834952499988,29.198636264000157],[-113.64137755499986,29.183833347000075],[-113.63223100199988,29.17368020000012],[-113.62854761899986,29.175265809000052],[-113.62491792099992,29.16990625699998],[-113.62436439899994,29.1624246880001],[-113.6084498449999,29.16341627000017],[-113.6085174359999,29.15433761100013],[-113.60205169199986,29.140883879000114],[-113.59105402199994,29.12912103400012],[-113.57937361399993,29.126417711000073],[-113.57088068599985,29.115163004000124],[-113.56432916599992,29.091634348000156],[-113.5474005729999,29.06537228100015],[-113.53588383799985,29.05142025800012],[-113.53964183299992,29.039615325000113],[-113.55003425499986,29.03860904600006],[-113.55621723199994,29.027955902000144],[-113.56171773899986,29.023672457000202],[-113.56359855099987,29.01404163600003],[-113.5618651759999,29.000146323000166],[-113.54974340399987,28.993182009],[-113.54498766699993,28.97552676300009],[-113.54693849899986,28.95898166500018],[-113.55547336299995,28.955259039000083],[-113.55787555699993,28.948253316000063],[-113.54648633099994,28.933322377000138],[-113.53388600399992,28.906565173000104],[-113.5260065129999,28.901184721999982],[-113.5248536869999,28.891565685000074],[-113.50477064899991,28.889319670000134],[-113.4815377599999,28.893398388000122],[-113.47722925499993,28.898159433000046],[-113.47902902499989,28.901909098000147],[-113.4722126759999,28.91517492100016],[-113.48314701799991,28.921696566],[-113.48797278899987,28.930302828000123],[-113.48061931699993,28.9334314890001],[-113.48301991599988,28.93934217500012],[-113.4786930279999,28.946247890000137],[-113.47318724799989,28.94779643100017],[-113.46222113599991,28.9466544980001],[-113.45006397099989,28.942290453000084],[-113.44023106199988,28.951333130000165],[-113.43466459499992,28.959873561999984],[-113.42621755999991,28.949139258],[-113.42878962199993,28.934712853000065],[-113.41305209999986,28.92232238800011],[-113.40628536699988,28.927115752000134],[-113.40562230599991,28.932984210000114],[-113.38787098999985,28.93980408200005],[-113.38303097999996,28.935499448000144],[-113.38673509399993,28.93071980400009],[-113.39102408499988,28.92861370100016],[-113.39422715499988,28.91313857300014],[-113.36743928499989,28.90709609100014],[-113.36809913999986,28.90176265800011],[-113.3791206479999,28.900213080000157],[-113.38041793299993,28.8932759410001],[-113.37251178899993,28.886313569000123],[-113.36832431099992,28.87774355700006],[-113.35921524599986,28.87394255200016],[-113.36597138899994,28.868652111000102],[-113.36746177599989,28.84517807300014],[-113.37063281599988,28.837205767000142],[-113.36529018899988,28.82384416600013],[-113.35184894899993,28.81838645900001],[-113.35447592599986,28.800274136000013],[-113.30997057699994,28.802063611000108],[-113.29100553399992,28.819009772000072],[-113.28543402499989,28.825897953000066],[-113.26849109299992,28.832179781000065],[-113.26038606499989,28.840106827000113],[-113.23409901899996,28.835623150000032],[-113.22026346799987,28.82484253800004],[-113.21415887299989,28.817311735000175],[-113.2118430599999,28.80287436600014],[-113.20266265699992,28.79851279900012],[-113.19604389299994,28.792052096000162],[-113.19987939299995,28.779814605000155],[-113.19140123899984,28.772794082000132],[-113.19037758199988,28.7594527710001],[-113.19424051499993,28.74401994500002],[-113.18198898399991,28.71573375800014],[-113.17585970099994,28.713513219000077],[-113.16989219899992,28.691519064000147],[-113.15604596899993,28.65762572100016],[-113.13235426799989,28.64130317200008],[-113.12699171599992,28.627869492000144],[-113.13160919999987,28.60458301200012],[-113.1162935799999,28.56551381900013],[-113.11165737899991,28.545722047000197],[-113.11428669199987,28.528135410000175],[-113.10297024099994,28.50458328400012],[-113.08249857499995,28.493182379000046],[-113.08072342399988,28.48680970300009],[-113.06323616599992,28.479690770000104],[-113.03961725199994,28.47623032400014],[-113.0360980919999,28.466607144000164],[-113.00163877299987,28.455578548000148],[-112.97126836899994,28.45632801300019],[-112.9304540689999,28.46658027100014],[-112.90236180099988,28.475341649000143],[-112.88555896799988,28.46343355300013],[-112.88689549799989,28.455982926000047],[-112.87600360299993,28.45051212200019],[-112.87548447899987,28.44517524000011],[-112.8817096979999,28.437256879000074],[-112.87993848199989,28.43458087],[-112.86777801399985,28.432283916000102],[-112.86224681599988,28.43487622600017],[-112.85788426599989,28.441223928000113],[-112.84630402399989,28.441077049000143],[-112.84705705199994,28.43040082100009],[-112.84474164699994,28.422386547000087],[-112.8514920669999,28.41709671800001],[-112.8583933809999,28.403844214000117],[-112.85419808399989,28.39790467600011],[-112.8495319859999,28.38234454000016],[-112.85398156799991,28.368510023000084],[-112.87030194699987,28.330779120000074],[-112.87426049399994,28.307856184000144],[-112.86886667299987,28.29972641],[-112.87212638099993,28.283739528000098],[-112.86495773699993,28.27183249500007],[-112.8530636459999,28.26004771800004],[-112.83922451499988,28.25241825000009],[-112.8378474819999,28.2435507080001],[-112.80501663699997,28.2106802510001],[-112.80027371999984,28.203683743000113],[-112.79182690799985,28.201475361000092],[-112.78645579599988,28.196077404000107],[-112.79380891099989,28.190265680000124],[-112.7989724399999,28.16843829600012],[-112.8038995189999,28.16260792000017],[-112.80770636299994,28.15091470900009],[-112.81177057199994,28.120539654000112],[-112.80138952199988,28.08575180500017],[-112.79842760199995,28.08145150400017],[-112.79121588699992,28.078168021000096],[-112.78955812299989,28.06747482300014],[-112.79695627399988,28.057951230000157],[-112.80370032499985,28.045721747000186],[-112.80540930899986,28.03204987200013],[-112.79936277699996,28.01742390800004],[-112.78567680299992,28.002865940000135],[-112.7687609989999,28.002127270000045],[-112.76467350757511,28.0],[-114.06335916743697,28.0],[-114.05523800499991,28.007536667000068],[-114.03973636199991,28.027729815000015],[-114.03770919199988,28.03723464000015],[-114.04646538299997,28.038425827000026],[-114.05791420399991,28.04199331600006],[-114.07003059199985,28.055065106000086],[-114.08551944699985,28.056848454000118],[-114.09966733699993,28.055064041000094],[-114.1016701769999,28.099027745000114],[-114.10570930199988,28.111503506000048],[-114.1131205649999,28.120412927000103],[-114.10569461299991,28.134681592000135],[-114.0901626449999,28.15609487500015],[-114.06987530299998,28.193571201000054],[-114.05748450399989,28.206284898000035],[-114.06163489499993,28.212103583000072],[-114.0699356759999,28.239406643000166],[-114.0781957669999,28.24677155200007],[-114.0889379549999,28.24677155200007],[-114.09878332299988,28.238653167999985],[-114.1098540809999,28.241791231000093],[-114.11736963199992,28.250848444000155],[-114.12488288899993,28.255725035000125],[-114.11059731899994,28.286219916000164],[-114.08117438299988,28.342968946000155],[-114.06076247599995,28.404697378000122],[-114.04941813699995,28.4325748240002],[-114.04259192599993,28.45844147300008],[-114.05089270699992,28.47418854400013],[-114.06432162499992,28.479447901000157],[-114.07149597099995,28.48694418700012],[-114.0682266919999,28.518011786000073],[-114.0773005849999,28.52383047100014],[-114.08311926999995,28.532049872000044],[-114.08641516799989,28.541164455000114],[-114.0963435539999,28.551906643000137],[-114.11042232999985,28.561835028000047],[-114.12779700399992,28.562648830000057],[-114.14799076699991,28.560773251000114],[-114.16012582199988,28.566186918000056],[-114.15496727099992,28.6010412790001],[-114.15726999799993,28.625672197000142],[-114.1658422519999,28.64695872600015],[-114.17491614499991,28.65770091400006],[-114.1839900379999,28.66185130400001],[-114.23534094999992,28.660060940000022],[-114.24615797699991,28.653317288000096],[-114.27175119999991,28.658801351000164],[-114.2730606759999,28.673081773],[-114.2691544259999,28.675116278000132],[-114.27534198799992,28.69624094600013],[-114.29830772399994,28.703820338000128],[-114.31405987599987,28.726333475000075],[-114.34692252599987,28.730754736000165],[-114.3480203299999,28.763867369000053],[-114.3613713369999,28.77780281400004],[-114.3620499339999,28.795111395000163],[-114.37092037699995,28.81317780200007],[-114.39164582499988,28.80677858600015],[-114.40728230399993,28.83998390300016],[-114.40231678299995,28.86024867100008],[-114.41929850599993,28.87847962600003],[-114.4375822849999,28.877507454000153],[-114.4399416699999,28.894610312000026],[-114.4593958229999,28.9107130000001],[-114.47663326699988,28.929144598000136],[-114.50194251199993,28.932562567000133],[-114.5159399079999,28.92967357000012],[-114.52306067599994,28.9253604190001],[-114.52993730399994,28.925523179000066],[-114.54283195699989,28.934394031000068],[-114.55630449099995,28.97028229400013],[-114.56121472799988,28.98040008300015],[-114.57502193899991,28.979234117000146],[-114.59163312799987,28.965404173000167],[-114.60376453799991,28.997609376000042],[-114.60252844999985,29.030340887000108],[-114.60830644399991,29.046210028000132],[-114.61815344999994,29.063055731000134],[-114.62336178299984,29.080511786000017],[-114.63141842399996,29.094468492000175],[-114.68903605499987,29.11313508900011],[-114.70492679799992,29.096113213000194],[-114.72201032999988,29.11750461800017],[-114.72789466099994,29.141180731000162],[-114.7349340489999,29.151800848000022],[-114.73981686099988,29.175523179000123],[-114.74380449099995,29.18756745000013],[-114.75230872299989,29.192816473000107],[-114.78531304499988,29.19416013],[-114.82935268199991,29.231593020000048],[-114.8513960619999,29.258299975],[-114.87946529899996,29.287665106000162],[-114.97203528599994,29.37775299700013],[-115.10423743399994,29.418890692000105],[-115.18712317599996,29.428615627000056],[-115.23228919199991,29.490057684000135],[-115.2857216699999,29.52988523200014],[-115.3714493479999,29.556952216000155],[-115.42356524099989,29.595688954000167],[-115.45196427599987,29.620106179000118],[-115.47744706899988,29.626450914000145],[-115.49858318699987,29.611401236000177],[-115.51915442599991,29.627264716000155],[-115.5361221999999,29.635158596000053],[-115.5480850899999,29.653387762000136],[-115.57262524199992,29.66872325000014],[-115.59370482999994,29.69217307100007],[-115.62205339299992,29.69529558400015],[-115.69756432999992,29.75582578300009],[-115.69525202699991,29.777200286000095],[-115.68801295399993,29.801772610000086],[-115.68576718499993,29.830640624000125],[-115.69477696799996,29.86922502700017],[-115.6998988429999,29.898013849000137],[-115.72081458199995,29.92080312700014],[-115.72891191299988,29.93512604400013],[-115.74429277299991,29.947495834999984],[-115.7625219389999,29.953802802000098],[-115.8074845039999,29.956203518000137],[-115.81118730399993,29.96800364800012],[-115.79039466099995,30.038072007000096],[-115.78327216899993,30.092637823000103],[-115.79039466099995,30.123765367000175],[-115.79255123599985,30.129543361000145],[-115.80190995999989,30.14313385600019],[-115.8040665359999,30.151434637000165],[-115.80321204299989,30.163031317000076],[-115.79723059799996,30.195786851000094],[-115.79832923099991,30.240301825000017],[-115.80728105399994,30.284125067000076],[-115.82590809499989,30.317710644000016],[-115.83730300899991,30.346467032000078],[-115.86596663799993,30.36871372800013],[-115.89832686199993,30.38666194000004],[-115.93293209499987,30.400213934000107],[-115.97541256399984,30.401271877000056],[-115.94733639199984,30.42340729400013],[-115.93700110599993,30.43512604400013],[-115.93382727799987,30.44965241100016],[-115.94025631399987,30.463364976000094],[-115.95470130099993,30.479559637000136],[-115.9724828769999,30.492824611000145],[-115.98908443899987,30.497463283],[-115.98013261599993,30.482570705000143],[-115.97057044199995,30.470851955000057],[-115.96328691299993,30.458685614000075],[-115.9617406889999,30.442206122000158],[-115.97186687199992,30.434206690999986],[-115.98299782199986,30.431989539000114],[-115.98928200399988,30.440486464000088],[-116.00267493399993,30.44965241100016],[-116.01024329299987,30.443670966000127],[-116.01512610599994,30.43447500200017],[-116.01463782499987,30.426011460000126],[-116.00609290299992,30.422308661000073],[-115.99644934799996,30.41054922100011],[-115.99136308499993,30.38861725500007],[-115.97978479199993,30.359355827000144],[-116.0045489859999,30.359164572000054],[-116.01233052799991,30.392249560000067],[-116.02898127999995,30.441271407000016],[-116.04925400199991,30.479593016000052],[-116.03111731699994,30.62714264499999],[-116.03685462099992,30.730210679000038],[-116.05483964799994,30.783677476000065],[-116.05793209499984,30.802476304000095],[-116.0680232409999,30.813177802000126],[-116.10564431399989,30.81881374600016],[-116.15207621399986,30.85781550700014],[-116.17577403399989,30.860147233000077],[-116.21857662699995,30.913153387000193],[-116.2261856759999,30.926459052000098],[-116.24974524599995,30.95677317900001],[-116.26817786399988,30.963812567000076],[-116.30731263299988,30.954091310000166],[-116.3354458209999,30.956339556000103],[-116.34036253299992,30.98926041400003],[-116.32612001899992,31.027449096000083],[-116.30943762899993,31.14850495000013],[-116.3415421209999,31.219549872000186],[-116.45413951399988,31.338544165000172],[-116.49762936099988,31.406805731000134],[-116.50820878799993,31.419338283000144],[-116.51414954299986,31.422796942000133],[-116.53010006399987,31.440334377],[-116.53892981699993,31.44725169500009],[-116.55235755099991,31.452093817000076],[-116.57213294199994,31.46686432500013],[-116.58551998599985,31.471340236000117],[-116.59593665299992,31.47785065300002],[-116.5995173819999,31.483872789000117],[-116.60195878799993,31.491156317000133],[-116.60912024599988,31.501410223000136],[-116.64696204299992,31.528387762000023],[-116.65221106699991,31.537909247000016],[-116.67560787699989,31.552639065000108],[-116.68106035099993,31.566310940000136],[-116.67723548099991,31.577785549000083],[-116.68106035099993,31.57729726800008],[-116.66763261599993,31.58002350500007],[-116.64452063699989,31.57953522300008],[-116.66417395699993,31.601141669000157],[-116.66193600199995,31.61644114800012],[-116.65575110599988,31.63247304900011],[-116.64806067599996,31.659165757000153],[-116.65510006399984,31.677964585000097],[-116.66852779899993,31.697007554000095],[-116.67536373599985,31.702582098000107],[-116.69017493399991,31.70815664300011],[-116.71532326899988,31.71098380400008],[-116.74117687599993,31.738533860000075],[-116.75038080499985,31.752360311000018],[-116.7088110019999,31.74420807500016],[-116.67882239499994,31.72699616100013],[-116.6612849599999,31.72337474200009],[-116.64362545499989,31.734279690000164],[-116.63044186099985,31.75283437700017],[-116.61962677299994,31.771738378000123],[-116.61259833399988,31.801026872000136],[-116.6100017279999,31.82260052300009],[-116.61181856499985,31.842879923999988],[-116.61969967399993,31.857570705000114],[-116.65692572599991,31.863901218000166],[-116.67638283999989,31.868764541000104],[-116.69472531999992,31.89003968300014],[-116.71878881799991,31.901189162000122],[-116.73527801199991,31.903483287000114],[-116.75476835699988,31.90964102100017],[-116.75792395699993,31.965033270000163],[-116.76988684799997,31.97776927300012],[-116.8038630849999,31.978705145000106],[-116.84227454299992,31.986517645000077],[-116.86538652299987,32.01300690300016],[-116.87531490799988,32.03449127800019],[-116.8786514959999,32.06924062700014],[-116.8868708979999,32.1320254580001],[-116.90510006399988,32.178371486],[-116.92267818899991,32.21938711100009],[-116.93342037699992,32.233791408000144],[-116.94831295499988,32.247015692000105],[-116.96666419199993,32.25657786700009],[-117.00987708199993,32.26508209800011],[-117.02497311099985,32.276922919000185],[-117.07347571499992,32.36945221600007],[-117.08861243399991,32.40493398600006],[-117.1072891919999,32.43764883],[-117.11839758999992,32.45453522299999],[-117.1233846199999,32.4905649370001],[-117.12414985399988,32.52411934300014],[-117.12612870999993,32.5394961610001],[-117.13219153599992,32.56806061400002],[-117.13394897499985,32.59289568600008],[-117.1370066469999,32.615760699000106],[-117.14981035099994,32.64630768400011],[-117.16637122299991,32.66950104400013],[-117.18838456899992,32.68268463700008],[-117.22397483599991,32.68471444099998],[-117.2261860319999,32.697206661000024],[-117.22002959199989,32.70659624100003],[-117.20581376199988,32.71340310900004],[-117.19095610599989,32.71369924700011],[-117.18785949099991,32.705935569000076],[-117.16805804599996,32.69880508600011],[-117.16417395699992,32.683783270000134],[-117.14279661899987,32.653115941000124],[-117.13127776499991,32.63099088300012],[-117.1240855369999,32.60676615700012],[-117.11508920699991,32.60026154300007],[-117.10338415399991,32.60681045200005],[-117.10231105899993,32.62046825700017],[-117.11989198399993,32.652633962000124],[-117.11901657299988,32.670609972000136],[-117.13320878799989,32.68984609600011],[-117.14632505599987,32.69426202300011],[-117.16657467399996,32.706773179000095],[-117.17734338499986,32.71503060600014],[-117.17463812499993,32.72673212000004],[-117.2098577639999,32.725284143000124],[-117.22424391699988,32.718640552000124],[-117.23783356999986,32.707223084000105],[-117.23656165299988,32.6696231140001],[-117.24527962099991,32.67458420999998],[-117.25527910099994,32.69139231999998],[-117.25747636599993,32.70172760600008],[-117.25387719199993,32.76352008500001],[-117.25755620799987,32.78424468000014],[-117.27879301299993,32.82281247800003],[-117.28359725099989,32.83765398500012],[-117.2737891529999,32.85114569000015],[-117.26603869299989,32.847035410000075],[-117.25987376399988,32.8540668390001],[-117.25364093999993,32.885081363000126],[-117.27476966099992,32.99347565300016],[-117.28604081899992,33.02387116100013],[-117.29807523899991,33.03590398000017],[-117.32216122299991,33.10850061600016],[-117.36191411699988,33.16594348100011],[-117.5088442119999,33.335205337000104],[-117.59630286399992,33.39044830900016],[-117.65436764199988,33.44196198100016],[-117.6707250639999,33.45229726800008],[-117.73521887899996,33.48476797100014],[-117.77651933499992,33.529364325000046],[-117.8245743479999,33.561672268000166],[-117.88025104799989,33.5928801770001],[-117.93022019699988,33.607918492000124],[-117.97850501199987,33.63597239799998],[-118.09053621299991,33.730977207000166],[-118.11738749199989,33.74360654600008],[-118.15258092499992,33.758765400000044],[-118.17363927499987,33.763283160000015],[-118.18553315199996,33.7575068980002],[-118.1989667559999,33.76403565700011],[-118.2072097639999,33.76383356900007],[-118.19249813099991,33.752308925000165],[-118.18661818299985,33.741484335],[-118.1851889129999,33.73237242100012],[-118.19286266,33.731728564000065],[-118.20247916499991,33.73926580900002],[-118.20274549499992,33.74657520000014],[-118.20973496799985,33.742286855000145],[-118.21382720799996,33.7490448330002],[-118.22150631399984,33.770900783000144],[-118.24033554299992,33.76758313700017],[-118.25009106899991,33.76368354200011],[-118.25455189899988,33.76540052600015],[-118.26951448799986,33.75359702100016],[-118.27677037199989,33.7566159280002],[-118.27379138299996,33.75028920800003],[-118.27831692599996,33.738745878000174],[-118.2722061839999,33.7152774110001],[-118.28244112499995,33.71623738900013],[-118.28172518099987,33.71168255300003],[-118.27608414699986,33.70771156500001],[-118.28268967899992,33.70799982100016],[-118.29130663299995,33.703208265000086],[-118.30088189599986,33.709848763000196],[-118.31751837199995,33.713990356000124],[-118.33146024299995,33.720051438000155],[-118.35481657599988,33.72626481700007],[-118.36228628999993,33.73568704300013],[-118.37607887699991,33.73715749900009],[-118.3850014149999,33.74011612700011],[-118.39418866499996,33.736687222000086],[-118.40135795899994,33.73555897600008],[-118.40480844299988,33.74004856000013],[-118.41204094599993,33.741678190000044],[-118.41521668099998,33.75440951200014],[-118.42278279499992,33.76379888300005],[-118.42756864599995,33.77373075899999],[-118.4218185019999,33.78394388000001],[-118.40930293999988,33.79112391400017],[-118.40863577299992,33.79800318900013],[-118.39571527799988,33.80565398700014],[-118.39179996799994,33.817646759000155],[-118.39138805899988,33.835940991000115],[-118.39721135599986,33.8440228620002],[-118.3996732579999,33.85126502800014],[-118.4446508449999,33.949408270000134],[-118.4826554029999,33.99900950700015],[-118.51406816299992,34.0221621770001],[-118.54405676999988,34.03888580900011],[-118.55730367799993,34.03788319400013],[-118.57062402499992,34.04110557100012],[-118.58262757499993,34.0365293390002],[-118.59073835399992,34.039092740000086],[-118.60340040099989,34.03881841800015],[-118.60926576799989,34.03565138900012],[-118.63694225699994,34.03639243500015],[-118.66658905099987,34.03894451800008],[-118.67566404899988,34.03812074200013],[-118.68013695199996,34.03033038600003],[-118.69316066099991,34.031883725000114],[-118.7067804559999,34.0294272620001],[-118.73052616499989,34.03254497600011],[-118.74839232099994,34.031888512000165],[-118.75614431799991,34.025719679000105],[-118.78339865399994,34.02183923700011],[-118.78792953299984,34.01966392200006],[-118.78920803199993,34.01456176300016],[-118.79275121199991,34.01157132899999],[-118.79370380999985,34.007266866000094],[-118.80276808999986,34.004796187000125],[-118.80406027399992,34.00103619600006],[-118.8069690559999,33.99940626900002],[-118.82981426099991,34.02082363400001],[-118.85260382799991,34.0336569290001],[-118.86266249699986,34.034433390000146],[-118.8757194179999,34.03755120300019],[-118.91469361299994,34.040637403],[-118.92090369299986,34.04430167900006],[-118.93000607599991,34.0458962620001],[-118.93680748999991,34.043200309000156],[-118.95403653799993,34.04785799500013],[-118.97750382499989,34.05956600000013],[-118.99736639399993,34.06565140600014],[-119.00807992499996,34.06611954900015],[-119.03825899899996,34.083639885000196],[-119.06090497699991,34.085529608000144],[-119.08969820299991,34.10048386400004],[-119.1170517699999,34.106416041000074],[-119.11977854299991,34.10613152800016],[-119.11959433099986,34.103739206000085],[-119.10065187399992,34.09896310300016],[-119.10648159699991,34.09446610900014],[-119.12865293299984,34.10054690600012],[-119.1937016249999,34.14173784900015],[-119.20437988199986,34.1440966720001],[-119.2057500699999,34.145757407000104],[-119.20419866699987,34.14841381600016],[-119.20466455799988,34.149535727000085],[-119.20832263599995,34.15232169100011],[-119.21013591899988,34.15230807600014],[-119.21099450799996,34.147987264000136],[-119.21708747399987,34.145501819],[-119.22079955199987,34.15316553800011],[-119.2246973,34.15707525100012],[-119.23716449299988,34.176865095000096],[-119.26019404699986,34.21712397100012],[-119.26336174999994,34.226576832000035],[-119.25885862599986,34.23335293200017],[-119.2639054029999,34.235052802000126],[-119.26929996199993,34.25495856600017],[-119.2811580069999,34.26870351800014],[-119.2899151969999,34.27457603300002],[-119.30441665999992,34.27236225300007],[-119.31339212499985,34.27712827000008],[-119.32069048699994,34.28263580800004],[-119.33859565299994,34.29047993500015],[-119.34948825999987,34.304074965000154],[-119.37085853499987,34.319674523000145],[-119.37519101799988,34.32027340500014],[-119.3868876569999,34.31806522300005],[-119.39148242799985,34.31844489700012],[-119.40107790299993,34.330571524000106],[-119.41831676899994,34.342382299000064],[-119.42995273599993,34.35347150700011],[-119.43661713599997,34.35572768800009],[-119.44323618099989,34.35482157100017],[-119.4530337989999,34.36840122100011],[-119.4602290929999,34.37404041000005],[-119.47020464699989,34.375813771000054],[-119.47524201299987,34.37239325200011],[-119.47779799899988,34.37257934500013],[-119.48351043899993,34.37863298100018],[-119.49486272799987,34.38399710300018],[-119.51680633099988,34.38693807200016],[-119.52069145399992,34.39068908400017],[-119.52942836399991,34.39481285400015],[-119.53683972799985,34.39558041600006],[-119.55569451399991,34.410450530000105],[-119.56317512199988,34.414794513],[-119.5758936939999,34.41192422600011],[-119.5817911959999,34.41270141800001],[-119.59585527299988,34.418850002],[-119.61715964399993,34.420527172000135],[-119.62119675099991,34.41817319000015],[-119.62886085299989,34.41808397000011],[-119.63851164599993,34.41524245600013],[-119.65792854899986,34.416506244000146],[-119.67806091499993,34.41438500100014],[-119.68769993199989,34.410903108000156],[-119.69169396699995,34.40538390900011],[-119.69089780499989,34.403498198000136],[-119.70080462199988,34.40085630400014],[-119.70203685199988,34.39810493900012],[-119.70787935499995,34.395440856000135],[-119.71989584999996,34.395301310000065],[-119.73294749699993,34.397464126000045],[-119.74321507099984,34.40260761200008],[-119.75450453599993,34.40478592000002],[-119.78764887499996,34.417211163000104],[-119.80296475299986,34.41809790300013],[-119.80854875299994,34.41634541000016],[-119.83203535999989,34.41626430300002],[-119.84101173199991,34.41298291600003],[-119.84094221199993,34.41003977200015],[-119.84438479099992,34.403892494000075],[-119.85472013499994,34.40880686500017],[-119.86824157599996,34.40947931500014],[-119.87435016099992,34.40876970300013],[-119.87863581699987,34.406613060000126],[-119.89036627699994,34.41909243400008],[-119.90060145899993,34.420435951000115],[-119.92152797099989,34.43340134900015],[-119.93484071699987,34.43554107200009],[-119.9498973619999,34.43431136200013],[-119.95707218999989,34.435892305000095],[-119.9622484849999,34.43981498100004],[-119.97593204999993,34.447209800000024],[-119.98466738699989,34.45003496800001],[-119.98952735599993,34.44976752300008],[-120.0099676609999,34.461011957000096],[-120.0221362049999,34.457696147],[-120.03659899599991,34.463137087000064],[-120.09142005099989,34.45880768400005],[-120.13341223899997,34.47272370000013],[-120.1718711039999,34.46998475800015],[-120.2932065579999,34.468485563000115],[-120.42520097599994,34.451320705000086],[-120.44434240099991,34.45118213200007],[-120.4541074989999,34.44281183300012],[-120.4726814329999,34.45027297200008],[-120.49160722599989,34.49135976800011],[-120.50998579399987,34.52137453900011],[-120.53636322699992,34.535293291000045],[-120.55783556599994,34.541159594000135],[-120.57793149599992,34.55354318300016],[-120.59456853199988,34.55469682100011],[-120.62161600899995,34.552613560000054],[-120.63662675699992,34.56289297100014],[-120.64443668999988,34.57413128100009],[-120.64783419299997,34.58567558900003],[-120.63056668099996,34.62819438600016],[-120.61413565799991,34.65940330500001],[-120.6060546359999,34.67934998900009],[-120.60305365599993,34.70478195000007],[-120.6275935539999,34.74347565300016],[-120.64024817599997,34.758530992000175],[-120.62991794299985,34.78193265600012],[-120.61921216799992,34.81920621700013],[-120.61557318999992,34.8580025980001],[-120.62218841199989,34.86729962500007],[-120.63255774599986,34.871405341000155],[-120.64024817599997,34.879217841000155],[-120.64461047199987,34.895112857000186],[-120.65497302199991,34.90118597400013],[-120.66764685999996,34.89884811200014],[-120.67283934599989,34.907521284000126],[-120.66619504699992,34.93176927500011],[-120.64237555899986,35.00087331000006],[-120.6336970689999,35.035101629999986],[-120.63072669199988,35.07387929900011],[-120.63573157499992,35.10858795800007],[-120.6448868479999,35.139390367000146],[-120.65294348899994,35.1442324890001],[-120.65855489399989,35.150479678000096],[-120.67115998799994,35.15022585700015],[-120.6790258449999,35.153062242000175],[-120.6980688139999,35.16913483300016],[-120.70636959499988,35.17422109600008],[-120.74966923399987,35.17739679100012],[-120.75560839999993,35.171922497000054],[-120.7553461699999,35.163123925],[-120.75944029599991,35.159214627000125],[-120.76553376899994,35.160242155000134],[-120.79084225199992,35.17902252800016],[-120.8497927329999,35.20291323100017],[-120.87668247399988,35.22379035600011],[-120.88609778599988,35.233791408],[-120.89765418399995,35.249765515],[-120.89559061699991,35.2735135810002],[-120.88706759699993,35.2859354790001],[-120.86783118899992,35.33039216700007],[-120.8622436469999,35.36190504100003],[-120.85381463399996,35.34752936700011],[-120.85739189799992,35.32676480700013],[-120.85558020699995,35.32151927300009],[-120.84324204899985,35.32434774900008],[-120.84205910299995,35.33166981200009],[-120.83140497299985,35.336087589000044],[-120.83583493699993,35.34291295300008],[-120.84155801099988,35.34586681300013],[-120.85207416099993,35.36705106400012],[-120.86026366199985,35.37380255600007],[-120.86674960799986,35.3709926220001],[-120.87109671799992,35.405308394000144],[-120.8873184889999,35.43292877800002],[-120.90818414799989,35.44824381800012],[-120.94619222999992,35.44628513100005],[-120.96346562999987,35.45665135600012],[-120.98276867499989,35.459987898000065],[-121.00536216399985,35.460656967],[-121.10181169099992,35.54966720200014],[-121.13087019799994,35.600701175000125],[-121.14327538499988,35.60504282900001],[-121.15910836899992,35.627235283],[-121.16940155799992,35.63691940400014],[-121.1873669599999,35.641920587000044],[-121.19306683999991,35.639615762000034],[-121.19152573899994,35.63386471900017],[-121.19503088999988,35.632336335000105],[-121.21649604199992,35.64774764499998],[-121.25199004699994,35.657394463000145],[-121.26914589699993,35.66421059100011],[-121.28831280199988,35.66482951600008],[-121.28847444999994,35.681458255000166],[-121.29841445199992,35.697488963000126],[-121.31459022399991,35.71372375300004],[-121.32306881399987,35.76455312700014],[-121.33723230499989,35.78652867000005],[-121.36800677199996,35.810361061000094],[-121.38711692399991,35.82143193100015],[-121.40893092199985,35.84402073000015],[-121.4133497749999,35.85474574800017],[-121.4255367519999,35.858420443000085],[-121.44202524699992,35.86922183900003],[-121.46320087599989,35.886731338000146],[-121.46271725199993,35.90371328300006],[-121.47224774799987,35.91356852800013],[-121.47838152599988,35.931581610000194],[-121.48997962099993,35.98224518400016],[-121.50667758699987,36.003260042000164],[-121.52256902499997,36.010070734000124],[-121.54108352599994,36.015013049000146],[-121.56673886899992,36.020117263000145],[-121.58224375999991,36.036027173000065],[-121.5926613729999,36.05057001100005],[-121.59452231099995,36.0642334260001],[-121.60644404699985,36.07150486300017],[-121.6182213809999,36.08442900300014],[-121.63015512799991,36.11305683900014],[-121.64265948699989,36.12354988900006],[-121.65775869499988,36.142646683000066],[-121.67792076799994,36.16267535200009],[-121.69357641499997,36.17165647300013],[-121.70387955799988,36.18221673000011],[-121.72913902799989,36.19814464300012],[-121.78144144799985,36.22632573200016],[-121.7988576949999,36.23447965500009],[-121.81036663299994,36.23239734000009],[-121.82485917899993,36.239203192000105],[-121.83560136599993,36.24917226800011],[-121.84541803699993,36.27239987800013],[-121.8522029289999,36.279445705000114],[-121.86318925699996,36.28318919500012],[-121.87360592399995,36.29002513200007],[-121.88101152299993,36.29950592700007],[-121.89966052299992,36.304399527000044],[-121.89562881899985,36.313928729000054],[-121.8971258009999,36.327981200000124],[-121.89372392499989,36.3320575570001],[-121.89358632699988,36.338568490000114],[-121.89785607699993,36.343868345000146],[-121.90364536699985,36.36211621400017],[-121.90612695499992,36.377140376000085],[-121.90416813099985,36.38453673000009],[-121.9082746849999,36.3963713470001],[-121.91443150499995,36.403035903000045],[-121.9176717479999,36.41554851000009],[-121.91532913299997,36.423193583000085],[-121.91835124799991,36.43032732700004],[-121.92901213999994,36.44778604700005],[-121.93150662699992,36.4630307180002],[-121.93804032899989,36.46826458000007],[-121.9446990739999,36.486151827000015],[-121.94630901099988,36.491891436],[-121.94248050999992,36.4967050380001],[-121.9442374939999,36.505694754000075],[-121.94226954099987,36.5119008450001],[-121.95692962199988,36.517617502000064],[-121.95536253299989,36.52272768500012],[-121.92753315299987,36.52385199900016],[-121.92994456099991,36.537845670000166],[-121.93312377699988,36.538475389000126],[-121.93563282899991,36.54418777200007],[-121.93126894499989,36.54720992200012],[-121.93252777799987,36.55512897900013],[-121.93461662399994,36.56122530900015],[-121.9403354849999,36.55851743200017],[-121.94279872199988,36.563146222000086],[-121.94647692699992,36.56484838000017],[-121.95089043899988,36.562908855000074],[-121.95389143399984,36.55956539100012],[-121.97007538999989,36.568854416000164],[-121.97800225699984,36.57476745400001],[-121.98111521899993,36.583716876000096],[-121.96721988899988,36.58521270100016],[-121.96663598599989,36.592101378],[-121.95986254699989,36.611472799000154],[-121.95637983499985,36.61410358300006],[-121.95033388599992,36.60993839200012],[-121.94252160699995,36.62644775600009],[-121.94153113299988,36.63443402600009],[-121.93769466699989,36.63924933500007],[-121.92952614499984,36.638040214000114],[-121.92121077799989,36.63358124300012],[-121.92054885399993,36.62889799599998],[-121.91313548199992,36.624411953000134],[-121.90215412799984,36.6207521340001],[-121.88742136099987,36.60199449300009],[-121.87883601299987,36.6026140430001],[-121.8700038909999,36.60721214900016],[-121.85387454799992,36.61961389200016],[-121.83792876299987,36.635611954000126],[-121.82706092899994,36.65620001900015],[-121.81425824699997,36.68323783700012],[-121.8099259109999,36.71881745000013],[-121.80535941299989,36.7377390270002],[-121.79242379699993,36.73086781000009],[-121.76374264199988,36.72207265800017],[-121.76127439799984,36.73028609500011],[-121.77021495599992,36.73908317000013],[-121.7751117149999,36.737499773000025],[-121.78370748399995,36.737983648000096],[-121.79019012599986,36.74178123800007],[-121.79490139599994,36.746351552000135],[-121.80320486499997,36.75045947400011],[-121.7981622029999,36.77990716100007],[-121.7898117549999,36.80619896700006],[-121.80424593799987,36.83601824100015],[-121.85993404899992,36.92747630400004],[-121.88711503799992,36.95490143400016],[-121.90560118999994,36.969126309000046],[-121.93724316299983,36.978306980000184],[-121.95276730699992,36.97100766200009],[-121.96356615099991,36.95949017900014],[-121.97423536999992,36.95519927400014],[-122.00670120699995,36.9623783290001],[-122.0212103749999,36.96266785000009],[-122.02515609099987,36.95965331300016],[-122.0240754449999,36.95607035400016],[-122.02518938599987,36.950974006000024],[-122.03482393499989,36.953212567000065],[-122.0467940809999,36.94815680400018],[-122.06086782799989,36.948813136000126],[-122.10600401899985,36.955755369000144],[-122.12084298899991,36.96325587400017],[-122.13499069199987,36.96572602700016],[-122.14223751499986,36.975250521000135],[-122.15364315999989,36.977075436000064],[-122.20791581899988,37.019273179000095],[-122.22211757699988,37.02429494200001],[-122.22794563899991,37.0400595590001],[-122.25380212399993,37.05912330900003],[-122.2810298609999,37.09658291400007],[-122.29765844299988,37.11122669700012],[-122.30835444499988,37.116675008000186],[-122.31873046899989,37.11561724500015],[-122.32765564399993,37.11280772700013],[-122.33929005699987,37.11858181500003],[-122.33785320699991,37.13490240200011],[-122.35952753899993,37.15048541400009],[-122.3610385289999,37.16235619600013],[-122.36935319999986,37.17401999300009],[-122.38341210999995,37.182271109000055],[-122.3961093319999,37.18185991600015],[-122.40445697799994,37.19452597500009],[-122.4078679449999,37.21611702500013],[-122.41070366299996,37.22687068000013],[-122.41649926599987,37.233919856000114],[-122.41836340499992,37.25230971900007],[-122.41015035699992,37.26884518400007],[-122.40033781799991,37.35974113600017],[-122.4087362509999,37.364171592000105],[-122.41156908699989,37.37493126100014],[-122.44444644199986,37.43751934500011],[-122.44916018899997,37.476655219],[-122.4632462229999,37.49664948100002],[-122.4792675809999,37.50278345000012],[-122.49421191799988,37.50083944300005],[-122.49528482699992,37.495371003000116],[-122.49926316999985,37.4930661850002],[-122.50107414999985,37.50132903600013],[-122.51202543599993,37.51000308600001],[-122.52047188699989,37.53142146],[-122.51475929899992,37.56089342600012],[-122.52002787299992,37.57412481300011],[-122.51904002799989,37.5897135190001],[-122.52242428099987,37.59321744200014],[-122.51746818499987,37.59447256400006],[-122.51308925599993,37.59784385500012],[-122.50759715399991,37.59769812100012],[-122.50323288299985,37.60146264800014],[-122.4959469809999,37.627373970000065],[-122.49474036399991,37.6652285830001],[-122.50187429799989,37.703488398000076],[-122.50849301399987,37.724943829000125],[-122.51361029199988,37.75226111700013],[-122.51517164699993,37.78112611800012],[-122.50587366999986,37.78645571700011],[-122.49766998699992,37.787102375000046],[-122.48593013199987,37.790810532000165],[-122.47644909199994,37.81067501600012],[-122.46335856799995,37.80530353500012],[-122.41875724599991,37.811143484000155],[-122.4086366619999,37.810391705000114],[-122.3981951199999,37.8034947940001],[-122.38792883999992,37.790961005000014],[-122.38710365599985,37.77874526800002],[-122.38153215599992,37.77364261500017],[-122.3828576189999,37.76382925000016],[-122.37924469099993,37.75598598300013],[-122.36649429099994,37.739754832000074],[-122.35454394099987,37.73000829500012],[-122.3624597529999,37.71491608600016],[-122.3762901979999,37.71664109800014],[-122.37947175799988,37.70749155700011],[-122.39245468799993,37.710330339000166],[-122.38797374899991,37.677188425000054],[-122.38015767999988,37.676710271000104],[-122.38103341999995,37.666919106000165],[-122.37491147699987,37.65516330200015],[-122.38136019399991,37.64735284800014],[-122.38438880099994,37.6366641300001],[-122.38372976999995,37.63145992300011],[-122.36372201299989,37.62725074799999],[-122.35414190399992,37.613507428000105],[-122.35933988599994,37.60847144600015],[-122.37116586399992,37.61294536800014],[-122.37410881599989,37.604187046000135],[-122.36228659099996,37.59970804300008],[-122.35851968299994,37.592805084000105],[-122.33039220199996,37.58940515800009],[-122.31676966699992,37.5898453100001],[-122.3157903559999,37.58392968200002],[-122.29906874699995,37.576897860000145],[-122.2579239569999,37.57151927300009],[-122.25096594999992,37.568060614000075],[-122.24534754499992,37.55319309700016],[-122.23957608199987,37.546887253000136],[-122.21029240499988,37.53986420699999],[-122.1992983669999,37.534961906],[-122.19889416899986,37.52678070700014],[-122.20734615799991,37.51748281500008],[-122.19300012499988,37.51535717600015],[-122.18307110399991,37.507553893000136],[-122.17128542799989,37.5035904450001],[-122.15868079299987,37.503363348000164],[-122.14793860599987,37.49664948100002],[-122.13414466099995,37.49778880400015],[-122.12267005099991,37.484930731000134],[-122.1119278639999,37.46747467700007],[-122.10016842399992,37.45506419500012],[-122.08088131399988,37.4487165390002],[-122.05890865799986,37.447414455000114],[-122.03864498599987,37.4514020850001],[-122.03213982099994,37.463364130000144],[-122.04076087099988,37.467922268000166],[-122.04832923099991,37.46873607000006],[-122.05223548099991,37.47138092700007],[-122.0505264959999,37.48427969000008],[-122.05174719999992,37.48920319200013],[-122.05776933499993,37.4975446640002],[-122.06236731699995,37.50169505400015],[-122.06908118399991,37.50356679900011],[-122.0933324859999,37.50356679900011],[-122.10903886599996,37.51797109600008],[-122.1165501999999,37.5425620430002],[-122.14630966699991,37.57896842600013],[-122.15221833199986,37.61609575000011],[-122.16277899099995,37.66443382600016],[-122.18524262399991,37.69078357500004],[-122.19186342299989,37.70031300700006],[-122.20672606699995,37.710668767000186],[-122.21436033499994,37.69906841000014],[-122.25176604899985,37.722777463000114],[-122.26235038499996,37.743003384000104],[-122.24893343399988,37.74830063799999],[-122.21245197999987,37.74348352400011],[-122.21729286399992,37.75848626400014],[-122.22184987499993,37.7597170680001],[-122.22631845399992,37.75539680000014],[-122.23933611099991,37.75532487200013],[-122.27155072299985,37.76284709100008],[-122.28351210999993,37.76332893000017],[-122.29988149599987,37.772245866000134],[-122.29737140399993,37.77975919099998],[-122.30755698899989,37.780865450000135],[-122.30985121999991,37.77621795499999],[-122.33150880499988,37.782388054000165],[-122.3286160819999,37.796488617000136],[-122.32470014499991,37.801083119000054],[-122.32500895399997,37.80375077200014],[-122.32842202299992,37.80446037800007],[-122.33909396099989,37.803380526000154],[-122.34065657099987,37.80711578300014],[-122.33472757899993,37.811630501000025],[-122.32236131999993,37.810942434000026],[-122.31657137399995,37.81708958400017],[-122.32835963499991,37.821025574000146],[-122.31969141899991,37.825092641000026],[-122.30138508899984,37.82623929900012],[-122.29550228399991,37.831292182000055],[-122.30386310699988,37.862902251000065],[-122.31602365899992,37.86089074300017],[-122.31774712399988,37.867864906000165],[-122.30830677599994,37.87032938000016],[-122.31390203799988,37.885829354000094],[-122.3287598889999,37.90805759200012],[-122.36482959299987,37.90365922100008],[-122.3910878539999,37.90767461400014],[-122.38762834099992,37.92021839700007],[-122.39625925399987,37.92804918900009],[-122.41017338799988,37.931922281000084],[-122.42131568899995,37.948316087000165],[-122.42969815399994,37.96426198100008],[-122.4138072469999,37.962083423000024],[-122.39772514699992,37.956117270000135],[-122.39503179599991,37.97026700399999],[-122.36879565699992,37.980316416000136],[-122.35956561899988,37.987648655000015],[-122.3699761909999,38.00355579400008],[-122.3663059579999,38.01233558700008],[-122.33600826699984,38.00381094000005],[-122.32249915299987,38.00519440300013],[-122.31676985599985,38.01013643800002],[-122.29904056399992,38.01119807600011],[-122.27697261299993,38.024950739000076],[-122.27557049499991,38.0391011160001],[-122.2497452459999,38.0553653020001],[-122.22704016799986,38.05841705900011],[-122.20362973499991,38.053378437000106],[-122.18617024899991,38.04797627500008],[-122.16855302899985,38.02804293900013],[-122.14793860599987,38.02362702000016],[-122.12437903599991,38.02920156500008],[-122.08183676899989,38.047895644000164],[-122.05325504899989,38.0530754590001],[-122.00398992599989,38.056135596000075],[-121.93900866199989,38.044543751000106],[-121.88800433199987,38.04108891599998],[-121.87810163599995,38.03434631700014],[-121.83712276299988,38.0230640370001],[-121.77913371099987,38.01546119400015],[-121.75108235899988,38.01943575700011],[-121.72297115799991,38.011135158000144],[-121.69004367999987,38.0091187240001],[-121.68144282199985,38.01745310400011],[-121.69482475399987,38.02467833000017],[-121.71054776299988,38.022105755000126],[-121.72308094799985,38.02556299000011],[-121.72060570099985,38.03211678000014],[-121.70490558999987,38.035232029000156],[-121.69489498599991,38.04340241100007],[-121.68553626199987,38.04474518400016],[-121.68150794199991,38.048325914000145],[-121.67837480399993,38.05695221600013],[-121.67560787699996,38.07550690300013],[-121.6711319649999,38.08388906500002],[-121.66055253799995,38.08685944200013],[-121.63768469999985,38.08633047100005],[-121.62451773699985,38.089285932999985],[-121.6240577449999,38.09470217600014],[-121.61709550699992,38.09861888200001],[-121.60667883999992,38.09935130400004],[-121.59626217399993,38.09438711100009],[-121.58205438999997,38.09200048400015],[-121.58032618999988,38.08339763900014],[-121.57651863999988,38.07430748600012],[-121.58246852199994,38.06875122000011],[-121.58496653399996,38.06274269200017],[-121.59923222699992,38.05913443100013],[-121.62062294099992,38.06182533600011],[-121.63223942599988,38.04422942600013],[-121.62298843899988,38.0363618050001],[-121.61276044699987,38.0214914980001],[-121.6050640509999,38.0179059940001],[-121.5842434149999,38.0287101860001],[-121.57808693699988,38.0623779890002],[-121.5693053119999,38.065844333000115],[-121.55592219799988,38.05753719400005],[-121.5378005429999,38.05096593799999],[-121.52640527499995,38.040979472000146],[-121.51264183399988,38.04024011900009],[-121.50088456899991,38.031073309000135],[-121.48033830099988,38.02265105000012],[-121.45901319399988,38.00478072600009],[-121.44530188699987,37.99632396000007],[-121.44538326699985,38.003892320000034],[-121.45872962099986,38.020575262000165],[-121.47573808499992,38.03717682500013],[-121.48656165299992,38.04474518400016],[-121.50389563699991,38.04975006700002],[-121.51323583199992,38.05482167500017],[-121.52627125399995,38.05449732800014],[-121.52925719799993,38.06036842000009],[-121.5356074579999,38.064533381000075],[-121.54242417399992,38.06328153600006],[-121.54864224099988,38.06420615500011],[-121.56512468199995,38.081082783],[-121.57127774299994,38.097139452000164],[-121.58649654899989,38.102362372000044],[-121.60407467399992,38.10578034100013],[-121.62718665299988,38.105617580000086],[-121.63190670499989,38.10325755400004],[-121.63947506399984,38.094468492000146],[-121.64452063699987,38.09251536700012],[-121.66494706899994,38.09918854400007],[-121.68028184199989,38.092690639000125],[-121.68610592399993,38.082668361],[-121.68858801999995,38.07510000200014],[-121.6892797519999,38.061590887000165],[-121.69933020699997,38.05084870000016],[-121.74206313599987,38.02944881600001],[-121.76747498999987,38.03038839400011],[-121.77870877699988,38.036019105000065],[-121.78522242399988,38.043399355000105],[-121.78424621799994,38.05206668000011],[-121.77984961599986,38.061374991000065],[-121.76917430799996,38.06869542600012],[-121.73643958199989,38.078843492000175],[-121.7166677949999,38.09280708200009],[-121.70299231699993,38.105617580000086],[-121.68778744299989,38.12383070800007],[-121.68260154199989,38.147192591000106],[-121.68948423299986,38.147547361000136],[-121.70488477299993,38.1222928210002],[-121.74697831899995,38.087713934000135],[-121.80308012799995,38.062883403000086],[-121.82396805399992,38.06879920800017],[-121.8461184629999,38.07251123100016],[-121.86183629999992,38.07045261900009],[-121.8673396479999,38.06464264500008],[-121.88252738099995,38.05690041200012],[-121.89817007899988,38.05322063900013],[-121.9167249849999,38.05270738500002],[-121.92882239499997,38.05841705900011],[-121.92096920499989,38.062445379999986],[-121.91608639199991,38.066961981000134],[-121.90831458199992,38.078843492000175],[-121.9549848019999,38.079169842000084],[-121.97126943499993,38.07491764400007],[-121.98947899899989,38.082498151000124],[-122.0149554739999,38.09851061100002],[-121.98599224499986,38.11070447900008],[-121.98941989299988,38.125198017000145],[-122.00029623299989,38.13731244500019],[-122.01620733799992,38.139550237000066],[-122.05516516799993,38.13373444199999],[-122.06541907499987,38.12734609600014],[-122.06895534499989,38.12178041400017],[-122.06579728499989,38.11322666600003],[-122.07548987699992,38.100507714000145],[-122.12108313699989,38.05988190300016],[-122.1302903829999,38.042142433000095],[-122.1584781549999,38.04344542400017],[-122.1659311139999,38.05454683099998],[-122.18430159799993,38.06478921600012],[-122.18962849399989,38.061381840000195],[-122.19514241799995,38.06175204400009],[-122.20493356299995,38.06523303400016],[-122.22357093599987,38.06572673600016],[-122.24520797899991,38.072085631000135],[-122.26088795499993,38.06943282900011],[-122.27145916599991,38.0745093080001],[-122.30067748099991,38.10819557000005],[-122.39651964899991,38.15323117800014],[-122.41062979599988,38.13384619700017],[-122.43413081399989,38.12334532100016],[-122.44930787099993,38.124468515000075],[-122.45788029199991,38.11769899900014],[-122.50231747099987,38.11352086600013],[-122.48742194699993,38.10482688200011],[-122.48248847599986,38.07688102900016],[-122.50272452399989,38.031880216000104],[-122.50568472699986,38.0231314080001],[-122.50604997299988,38.01717217700005],[-122.46974641199984,38.005427059000084],[-122.4542416099999,37.99780528600007],[-122.4453357899999,37.985123056000134],[-122.45123996599992,37.980061808000045],[-122.46922137799992,37.98274565600016],[-122.4743555039999,37.97612186300009],[-122.49254309799991,37.96979401200002],[-122.49356035099989,37.9585635440001],[-122.48371334499986,37.94855377800013],[-122.48034558399992,37.94182013800014],[-122.49166750199994,37.9354875650001],[-122.50359282299988,37.94049531200011],[-122.5034396369999,37.924811732000165],[-122.47623197699991,37.91599088200016],[-122.47255279499987,37.91124578700013],[-122.47429034399993,37.90523823000015],[-122.46006377899992,37.895436944000096],[-122.44900301799993,37.89364149200014],[-122.43880050499989,37.88208259000015],[-122.44794995499984,37.87366856000003],[-122.45946261899992,37.87112278100017],[-122.45900921299989,37.86248492600009],[-122.46952014199987,37.86700283700014],[-122.47334113899991,37.87444507100014],[-122.47225951499985,37.87988875900007],[-122.4760524369999,37.88679154500011],[-122.49013543299992,37.89389037200013],[-122.4990287389999,37.89359014899998],[-122.49474208899996,37.87751301499998],[-122.4992799249999,37.87248528800009],[-122.48930875399991,37.864131370000166],[-122.4780523859999,37.85968078500014],[-122.47976715299984,37.85313261900015],[-122.47649014699995,37.843521035000066],[-122.4703911979999,37.83183162000009],[-122.47756480999988,37.825104395000096],[-122.48784029799991,37.82530312800003],[-122.5026408549999,37.82048220600012],[-122.51179686099994,37.82448963100015],[-122.52258614699994,37.821970017000126],[-122.52842581299986,37.8163715930001],[-122.53795404799988,37.827939647000136],[-122.54790397999989,37.834622633000095],[-122.57369863399994,37.855908338000035],[-122.58834125899992,37.86081040500008],[-122.60130442999993,37.87322761500005],[-122.62073057799992,37.87749648400012],[-122.64519885399991,37.898815966000086],[-122.67239156899993,37.90657379200019],[-122.68597313699985,37.903959004000086],[-122.6966706419999,37.899257335000016],[-122.70038307599994,37.89210095400014],[-122.71318201399995,37.90029920799998],[-122.72773825799987,37.903039615000154],[-122.73420474999998,37.92012432400003],[-122.74864097899992,37.93260128200012],[-122.76534840799994,37.937396405000044],[-122.78024385999996,37.94813109500015],[-122.79599877299985,37.97551963100011],[-122.81055040299994,37.98519380100012],[-122.82143224799987,37.99766977800013],[-122.83939709899992,38.00634948400011],[-122.90684321199993,38.03184398500014],[-122.92111194499986,38.03487129400014],[-122.93269553999995,38.049519338000124],[-122.9321227059999,38.05880550300017],[-122.92014206499991,38.06531240400014],[-122.93541419199993,38.07074616100016],[-122.9415583979999,38.06476471600004],[-122.9484757149999,38.06073639500008],[-122.94709913499986,38.0547545070001],[-122.94688880099996,38.04531484600014],[-122.94249426999988,38.04124583500007],[-122.93608552599996,38.0307703710001],[-122.9493708979999,38.029445705000114],[-122.96337693599986,38.025314910000105],[-122.97906967199995,38.01451559100016],[-122.98402720899989,38.00323086700001],[-122.98033049999991,37.998039062000146],[-122.97176500099997,37.99614207000013],[-122.96250400899993,37.99204782200013],[-122.97422910699991,37.990277222000174],[-122.99754706599995,37.99384217100007],[-123.01781550299991,37.99352168100003],[-123.02745302699992,37.9944887450001],[-123.02162165199988,38.000482830000095],[-123.01599822899992,38.00069532800009],[-122.99072631799994,38.04871567800015],[-122.9496480059999,38.14399091600015],[-122.95028510099986,38.164493251000096],[-122.9555100329999,38.17627198400007],[-122.96494531699996,38.18260229300009],[-122.96478813899992,38.198598197000024],[-122.97383947199992,38.208038310000035],[-122.98305035499989,38.22012947800002],[-122.99323038199992,38.22951866100007],[-122.99629668999988,38.242729824],[-122.98525421899988,38.23781176000014],[-122.96481613099992,38.21770038500003],[-122.92557009899987,38.17514066400017],[-122.89150956899988,38.130804755000156],[-122.86876380099994,38.11025625200011],[-122.84337317599991,38.091986395000134],[-122.82567298099991,38.07208893400005],[-122.8322647779999,38.095892645000134],[-122.8504318629999,38.11069813300017],[-122.8884171209999,38.15460846600013],[-122.9355362619999,38.21548086100006],[-122.94399861399992,38.219311254000075],[-122.95065501199991,38.21729476200014],[-122.95433603899993,38.23140219700005],[-122.9645710089999,38.232364285000074],[-122.96881528499988,38.23709363700013],[-122.96851762499995,38.25087276100007],[-122.97453518599993,38.266194223000184],[-122.98711616199985,38.277722996000165],[-123.0022803639999,38.29485919500004],[-123.02952155699991,38.312691558000154],[-123.0464603759999,38.312048445000045],[-123.0516968229999,38.30519213200003],[-123.05288652299993,38.298000393000166],[-123.06243964399988,38.295902748000145],[-123.07596724999988,38.32247308700008],[-123.0683879179999,38.346290233000104],[-123.07093227399993,38.359954194000125],[-123.07904469399996,38.37207802600014],[-123.08703018399987,38.39126237900001],[-123.0958102619999,38.395831515000054],[-123.10205716099985,38.41216428600015],[-123.11275980599987,38.420619134000106],[-123.12457863199988,38.437479288000134],[-123.12872916099994,38.44931026500009],[-123.1709240359999,38.47918839800016],[-123.25265797999992,38.5106656240001],[-123.27255673499994,38.52895071100008],[-123.30454702099988,38.549024209000095],[-123.31531993099993,38.55747294700015],[-123.33697942599989,38.56725947100011],[-123.34166769899993,38.5866305940001],[-123.35599489899991,38.597149439000106],[-123.36588676699992,38.60073847100014],[-123.36948774199988,38.612144403],[-123.40109530899986,38.642832421000094],[-123.41398169599991,38.66668739200017],[-123.43246083599989,38.677971374000066],[-123.43360667699993,38.68679466900002],[-123.47409662099996,38.72197455700018],[-123.49245728599989,38.736468673000104],[-123.52329295999996,38.74672398600018],[-123.5376432589999,38.7723291480001],[-123.55884513099991,38.78299056900008],[-123.56623287699993,38.7951520850001],[-123.59417096799987,38.80582071600017],[-123.61647232699991,38.827315014000106],[-123.6483066169999,38.84953497100017],[-123.66305923399992,38.872450691000125],[-123.69756133299985,38.90027772100012],[-123.7116723679999,38.91432100200015],[-123.72624223399988,38.918576086000144],[-123.72730120399984,38.933182959000106],[-123.74260670099996,38.955623911000146],[-123.72524161299988,38.960372251000166],[-123.70392818899987,38.99005768400011],[-123.69608687399989,39.00779461100004],[-123.6890763009999,39.02789948100005],[-123.69515070399989,39.05912667600009],[-123.7128822179999,39.10631540000017],[-123.72164871299987,39.13301934200004],[-123.73779584399989,39.14300494700015],[-123.73555056099993,39.159034120000115],[-123.7678503509999,39.194006733000066],[-123.77789808799992,39.22212051500017],[-123.79054342099991,39.26974584900012],[-123.80326337599988,39.27895400300011],[-123.79747473899992,39.2976748720001],[-123.80638587099986,39.304754950000074],[-123.80599765599989,39.32414009700014],[-123.82492424799995,39.34729559200005],[-123.81650937299993,39.443998058],[-123.7986381259999,39.49050891000013],[-123.77635657499991,39.52928294500012],[-123.76976831899987,39.54464580700008],[-123.76944436899988,39.563728211000125],[-123.78682783299989,39.59677697900008],[-123.78647945499984,39.65520462200013],[-123.79037649099988,39.66641482000014],[-123.79058168999988,39.67737373700007],[-123.7959673889999,39.691867604000066],[-123.80857390099989,39.711797943000136],[-123.82381696099989,39.71776210300004],[-123.83001957099991,39.72651417800006],[-123.83055579299987,39.741848049000026],[-123.83755566199994,39.76160177100013],[-123.83727505199991,39.78294420000012],[-123.84473142599984,39.808299108000114],[-123.85401880399992,39.83351426900009],[-123.88017665999992,39.84427130500009],[-123.90772097799987,39.865867204000125],[-123.9306962689999,39.90801781000016],[-123.9555543539999,39.924506245000174],[-123.97894719399991,39.96289615300017],[-124.00123998899996,39.978083140000166],[-124.02270607499989,40.00213543100011],[-124.03345779899989,40.01212592600001],[-124.0451490809999,40.01872716900016],[-124.05852030099993,40.02379638800008],[-124.06937018099988,40.02133314500003],[-124.07605200499985,40.027217164000064],[-124.08040697499985,40.03555970700003],[-124.0804804099999,40.059789185000085],[-124.08744171699989,40.0775153730001],[-124.11579342399995,40.107123114000075],[-124.13825136999988,40.11592565100011],[-124.18531738099992,40.12955148000006],[-124.21999641199993,40.16515220400012],[-124.25642272599991,40.1844151360001],[-124.31937787699985,40.22461311000015],[-124.32715432999989,40.23704021500012],[-124.3425814899999,40.24203732900014],[-124.36350979499987,40.26148093700016],[-124.36013698099995,40.28156716400014],[-124.34828314299989,40.31890737800015],[-124.3647779889999,40.34468345700009],[-124.36620520699987,40.3774507400002],[-124.39810962899989,40.41583572800005],[-124.40920197099992,40.44381766499998],[-124.3959595569999,40.46536273200013],[-124.38802815199992,40.483295],[-124.38378271899984,40.500100354000125],[-124.38583202399994,40.509515360000194],[-124.36999971299994,40.53688962400011],[-124.3579809239999,40.56305573100008],[-124.34996497299996,40.57778554900017],[-124.3220922519999,40.617377020000106],[-124.31948808499992,40.628648179000095],[-124.31725012899993,40.63206614800009],[-124.31403561099988,40.63458893400011],[-124.30577551999988,40.637396551999984],[-124.30768795499985,40.64158763200001],[-124.31163489499993,40.64622630400012],[-124.29266295799995,40.6768226170002],[-124.2738747679999,40.70004705500011],[-124.25255286399991,40.73476797100014],[-124.23973767299988,40.75870946500007],[-124.23088539699992,40.75008100900007],[-124.24729441699994,40.7279123780001],[-124.2584772219999,40.70688272500013],[-124.25949774499988,40.69841007300013],[-124.24803626199986,40.693264065000136],[-124.23437341999995,40.69189955600012],[-124.22576009799987,40.686123080000016],[-124.22170290699991,40.690110801],[-124.22461991999985,40.69520205399999],[-124.22168811199992,40.69771387500006],[-124.21384469099986,40.70140247100008],[-124.21323603399995,40.70951123899999],[-124.2217832919999,40.72243168500012],[-124.21742907299986,40.73071773600003],[-124.22045493599985,40.73723849300009],[-124.21329590199993,40.741851361000016],[-124.20289856699993,40.74518552700002],[-124.19861015899994,40.75442490700013],[-124.2010840209999,40.76192716000011],[-124.19823536099993,40.76904071700008],[-124.19158843599992,40.772838960000115],[-124.18891189699988,40.7905743820001],[-124.18274332099993,40.79990301300015],[-124.17550180199993,40.803561892],[-124.14586757999989,40.809648628000105],[-124.13689702899991,40.80719127200001],[-124.12186467299985,40.80738319599999],[-124.08739831299994,40.825156170000156],[-124.08248331899988,40.843501684000074],[-124.0844620429999,40.848374742000146],[-124.10180206399986,40.85844398100008],[-124.10846685799993,40.85480729700009],[-124.11897466899991,40.851947235000154],[-124.12607293299996,40.85400186900006],[-124.1375538559999,40.86394674400009],[-124.15132441499992,40.86332105800011],[-124.15496769799984,40.86172747800006],[-124.15664444599993,40.851181181000186],[-124.16660825099993,40.842159547000136],[-124.17040739599994,40.82675683299999],[-124.18397468899994,40.81566263700017],[-124.19359848499997,40.802370455000016],[-124.19974479099994,40.78485271000011],[-124.22328814199997,40.75709610600015],[-124.23284111899991,40.7666428710001],[-124.21684853099988,40.78642173400007],[-124.17657512299992,40.84775433800013],[-124.13375761799995,40.936398753000134],[-124.11041334599986,41.01525282500015],[-124.11141221899992,41.041660333000124],[-124.11703013599987,41.048247103000136],[-124.12732576799988,41.04953142700006],[-124.13457304699992,41.0479494030001],[-124.1429285619999,41.05312728600015],[-124.14687839499994,41.06016541600002],[-124.14930237899986,41.07595670500018],[-124.16063391799987,41.099351304000066],[-124.16027754299988,41.113563001000074],[-124.16405283299987,41.13222009000012],[-124.16288978799993,41.13908026600009],[-124.15633161999989,41.14235171500016],[-124.14769066899991,41.140948432000044],[-124.14347380699989,41.14499187400003],[-124.12426181199994,41.18180872200017],[-124.11327063699993,41.22117747599998],[-124.09093176999991,41.28945547100017],[-124.08218339799993,41.34178294500006],[-124.06780931799997,41.39892056100015],[-124.06215535799987,41.43587598600013],[-124.07607988199995,41.489976304000066],[-124.08202063699987,41.52147044500006],[-124.06834876199993,41.53925202000016],[-124.07892818899988,41.54336172100011],[-124.08869381399992,41.54913971600007],[-124.09691321499992,41.55683014500008],[-124.1030981109999,41.56655508000014],[-124.10387122299991,41.57611725500013],[-124.10277258999987,41.60260651200019],[-124.11497962099993,41.61786530200007],[-124.13988196499989,41.664292710000126],[-124.1384985019999,41.679754950000046],[-124.14578494299988,41.706381248000156],[-124.1594588139999,41.73667478000013],[-124.1879213869999,41.7469911230001],[-124.19631423399996,41.74403301000012],[-124.20110746299989,41.73930533],[-124.23236084199996,41.762362560000156],[-124.26289518399996,41.77642785800012],[-124.26046399199988,41.788783114000125],[-124.24792411599991,41.793873739000134],[-124.23396333999995,41.813205903000096],[-124.21883713399984,41.850006372000024],[-124.21095850199988,41.8910099200001],[-124.20221920499986,41.96039459800011],[-124.20368404899992,41.971177476],[-124.21469089408899,42.0],[-110.0,42.0],[-110.0,28.0],[-111.17888576757728,28.0],[-111.18347394999991,28.006418425000078],[-111.22046374399989,28.044274000000115],[-111.25066202399988,28.05201280300014],[-111.26333758899989,28.073517728000184],[-111.28183590499994,28.091529312000176]]],[[[-114.10843089499991,28.030708416000095],[-114.09428743599995,28.02417626800016],[-114.07745713199989,28.0093244050002],[-114.07102852922725,28.0],[-114.09812428436092,28.0],[-114.1070814239999,28.013484002000013],[-114.11785402699986,28.01110710100008],[-114.12324162999994,28.01645149100014],[-114.12122357799986,28.022984960000088],[-114.10843089499991,28.030708416000095]]],[[[-114.11381156099988,28.060406953000125],[-114.11718390799993,28.04317994200011],[-114.1353658069999,28.031295451000148],[-114.14613333799988,28.021789660000138],[-114.14949488899993,28.0134744610001],[-114.1508363679999,28.00456620000014],[-114.14738359380753,28.0],[-114.20700753081697,28.0],[-114.18565833199992,28.02269114800012],[-114.1551000639999,28.0624453800001],[-114.13438880099989,28.083929755000128],[-114.11986848999992,28.08594977500013],[-114.11381156099988,28.060406953000125]]],[[[-115.18303118399987,28.03477774100017],[-115.1816973559999,28.02758198100014],[-115.18926456799994,28.030301958000024],[-115.19456946499993,28.033921617000118],[-115.20629938099987,28.037940216000067],[-115.21814763299992,28.03174530800007],[-115.22814296399986,28.028322673000133],[-115.23387870099988,28.036059358000074],[-115.24702384899986,28.03371611800017],[-115.25399514099988,28.040303985000094],[-115.26184529499997,28.070143449000142],[-115.28026282499991,28.08746979400013],[-115.3035449019999,28.094698587000124],[-115.32166956699986,28.08678519400013],[-115.33670020999996,28.084436037000017],[-115.34660976099991,28.07105122500002],[-115.35805203099994,28.082578651000176],[-115.35215670599986,28.11642012500016],[-115.33400439999993,28.12487756000013],[-115.27367102799992,28.189520575000017],[-115.23975583999989,28.23360633000013],[-115.25515489299991,28.263917329000122],[-115.26245342499993,28.298756383000125],[-115.25708823299992,28.327435599000097],[-115.24864245299993,28.359315181000113],[-115.2349963189999,28.370230333000137],[-115.21486747199994,28.378279134000138],[-115.1919950149999,28.360835960000173],[-115.19497965599994,28.341358253000095],[-115.18413588599988,28.314740695000182],[-115.17392961099998,28.308830826000133],[-115.17576563799992,28.298818501000113],[-115.16858538299992,28.28512137900003],[-115.16271472199993,28.261342294000116],[-115.1727595689999,28.23456452],[-115.17226837499993,28.21264516900004],[-115.15884794699991,28.19284018100015],[-115.15548988699989,28.170703540000062],[-115.15971033499994,28.150714655000144],[-115.15582881399986,28.140779932000157],[-115.16268872299992,28.129624921000186],[-115.17533643199994,28.124479492000063],[-115.17645830599986,28.116755135000147],[-115.18577654899991,28.10617268700014],[-115.1830401379999,28.09514711900013],[-115.18797083199992,28.08680143100014],[-115.18214886699987,28.070236396000013],[-115.1882882849999,28.056346964000113],[-115.17932147099988,28.04034477400009],[-115.18303118399987,28.03477774100017]]],[[[-115.57907717099997,28.300834950000166],[-115.59232139699986,28.297500526000135],[-115.60268783299996,28.30430284400012],[-115.60397866399992,28.310139824000174],[-115.60104171399992,28.316023197000163],[-115.59380650699991,28.317167183000038],[-115.58826485799996,28.309779406000104],[-115.57926277699995,28.31413282000014],[-115.56777660399985,28.313724],[-115.56466734899989,28.307373445999986],[-115.57554124399988,28.307258248000124],[-115.57907717099997,28.300834950000166]]],[[[-112.8105687829999,28.618432575000128],[-112.8293198389999,28.625782954000073],[-112.84264237299989,28.64006787000011],[-112.86779761499989,28.643278413000104],[-112.86522737099993,28.65015305400013],[-112.87186763499993,28.655575326000047],[-112.8774364809999,28.66338981500013],[-112.8844889849999,28.670215334000147],[-112.89376932999993,28.67769572000003],[-112.86075651099995,28.671860307000117],[-112.8049556879999,28.636536613000146],[-112.79124613499994,28.622883142000035],[-112.78299875799985,28.617606260000144],[-112.77841524499986,28.61030354200014],[-112.76354392899988,28.602824208000186],[-112.76010855899995,28.59485311600011],[-112.75240050199989,28.591080524000176],[-112.76204512799985,28.581963524000145],[-112.77391863399995,28.575782119000024],[-112.78099396999988,28.581026645000094],[-112.78365377299987,28.585982793000085],[-112.78913112199992,28.58687043100008],[-112.79792632699986,28.609920211000116],[-112.8105687829999,28.618432575000128]]],[[[-112.54573873699992,28.686589775000073],[-112.55393926599996,28.672288046000062],[-112.5720567799999,28.668401137000075],[-112.59467348799986,28.673082513000168],[-112.60434930199992,28.669433828000166],[-112.60093496599985,28.676981198000163],[-112.61224299199988,28.705233499000173],[-112.61315004699988,28.72576299400015],[-112.60065889899994,28.727974773000085],[-112.59349375299986,28.732231962000156],[-112.5698923569999,28.728899422000126],[-112.55745077799989,28.73380926900012],[-112.54795702499987,28.728549475000108],[-112.54672268699989,28.717457159000105],[-112.5414018389999,28.71226845200013],[-112.54597977399987,28.70187225000015],[-112.54573873699992,28.686589775000073]]],[[[-112.2742860599999,29.16522243700004],[-112.2684819239999,29.152726306000034],[-112.27274704799993,29.13767517800011],[-112.23531295499987,29.095725314000163],[-112.19560606599988,29.02132978700007],[-112.21354301899993,28.986747267000055],[-112.21489869499993,28.954147638000137],[-112.22842412099992,28.90395146500012],[-112.24347362799989,28.889499255000175],[-112.23768415399987,28.876342013],[-112.25413705699988,28.856878838000057],[-112.25910981999992,28.837435669000087],[-112.27125978399988,28.8236325390001],[-112.27622926099993,28.80545098900015],[-112.27256357699993,28.78409566300016],[-112.26108926399992,28.7803324300001],[-112.2531873509999,28.769050214000146],[-112.26319325899992,28.76338798800009],[-112.27465689899994,28.76838789000007],[-112.28905188699994,28.76300690300019],[-112.30966018399995,28.74636023600013],[-112.32617520099986,28.762722486000172],[-112.34548878599986,28.76519177000003],[-112.35905535399989,28.758235980000137],[-112.36696525199994,28.772016147999977],[-112.38200435099995,28.77382158800006],[-112.39921720299986,28.792626504999987],[-112.41281887699986,28.800127908000093],[-112.42572624499988,28.796911519000133],[-112.43575147099989,28.801907462000145],[-112.45504931399984,28.800603801000022],[-112.46653628899992,28.8055704140001],[-112.4672156079999,28.819405736000135],[-112.49384857899987,28.82301866000003],[-112.49604336899984,28.833045195000153],[-112.54849392999989,28.857934456000095],[-112.56216599299985,28.869173542000084],[-112.57293149799992,28.868502359000075],[-112.58303300999987,28.87536288800007],[-112.52610426699992,28.90884183500009],[-112.51073157499985,28.928371486000117],[-112.50430253799993,28.931870835000097],[-112.49083411399994,28.95941803600013],[-112.4859106109999,28.97162506700002],[-112.4897354809999,28.981024481000134],[-112.5001521479999,28.990423895000163],[-112.5035701159999,29.032171942000105],[-112.50035559799994,29.075628973000136],[-112.49205481699995,29.11762116100013],[-112.48029537699989,29.15493398600009],[-112.47386633999987,29.16852448100005],[-112.4647110669999,29.181830145000163],[-112.45299231699991,29.193548895000134],[-112.43871008999992,29.202093817000076],[-112.42229018299987,29.1893899880001],[-112.40145189199984,29.189440997000162],[-112.36274813499989,29.217736041000165],[-112.34336176799991,29.220875562000117],[-112.31606889199988,29.220302162000024],[-112.29956453599988,29.222822831000116],[-112.2873328539999,29.23299624700016],[-112.27799196199993,29.24246728500006],[-112.2643372229999,29.246890478000097],[-112.26719660599987,29.23809457900012],[-112.28156888199995,29.2254708320001],[-112.27723957399985,29.20913371800009],[-112.26573539099985,29.197847286000155],[-112.26356650999989,29.19284050800016],[-112.26715248699986,29.184665715000023],[-112.26855837099993,29.175270872000027],[-112.2742860599999,29.16522243700004]]],[[[-113.5143178909999,29.053284405000085],[-113.51221106199985,29.05810362000011],[-113.50942981999995,29.060804369000124],[-113.51355364799991,29.063243666000062],[-113.51522798399989,29.070196360000153],[-113.51483820399989,29.076230884000097],[-113.52103066199994,29.078982847000077],[-113.52270512699994,29.0859336340001],[-113.52714565099991,29.092295149000023],[-113.51883989599988,29.09556324800016],[-113.5119003559999,29.095005531000112],[-113.50470694699989,29.09217759200007],[-113.50404679999988,29.087954149000126],[-113.50786021199993,29.08291492400008],[-113.5089183629999,29.078725642000023],[-113.50413298399991,29.075319585000102],[-113.50555550499993,29.07076149000011],[-113.50596487399987,29.062595345000062],[-113.50014401699991,29.056222472000087],[-113.50122201399984,29.050493187000058],[-113.49675063299989,29.048354430000103],[-113.49645031299991,29.042315394000042],[-113.49163841099994,29.039570896000072],[-113.49201098799995,29.035949829000117],[-113.50132706599992,29.036305058000124],[-113.50682475299988,29.03965654300015],[-113.50472040299994,29.044173343000125],[-113.5143178909999,29.053284405000085]]],[[[-113.39516047499991,29.459317683999984],[-113.39449403899994,29.451168177],[-113.3852738089999,29.442559862000138],[-113.38599339199993,29.435119452000038],[-113.3731953419999,29.42164334600014],[-113.36113295299991,29.40192973600014],[-113.36325746499992,29.393283964000148],[-113.34977863199987,29.38406638100014],[-113.36110104599993,29.37418455000008],[-113.37313816499997,29.361205388000087],[-113.37595921199988,29.34392832200001],[-113.3724062969999,29.33468714200012],[-113.37028713599989,29.31000892100016],[-113.34559675499989,29.295826504000075],[-113.30659006299993,29.29032529200009],[-113.2974147989999,29.280457269000095],[-113.2853836679999,29.280460522000112],[-113.27686238699988,29.289100765000114],[-113.26413649899987,29.288483249000166],[-113.25568157899993,29.285394654000157],[-113.23802673399986,29.28847206900005],[-113.22109392699993,29.289078993000174],[-113.20626765199987,29.28537106800016],[-113.18276014899996,29.28969339700012],[-113.1685245029999,29.276117742000054],[-113.17881075299994,29.25945868100004],[-113.17792591599992,29.237876320000083],[-113.17141283399988,29.226131886000104],[-113.17218326599995,29.194670738000156],[-113.16577177699988,29.18910000800011],[-113.17073493099993,29.178614271000157],[-113.17359275699995,29.15702057000007],[-113.17431544099988,29.12924755600011],[-113.1700862669999,29.119985664000097],[-113.15450146699995,29.09340095800013],[-113.15738187899989,29.083551832000097],[-113.14822958399989,29.06626656300014],[-113.13817298099994,29.06488678600013],[-113.1248466539999,29.06063697100012],[-113.1177662619999,29.056293871000037],[-113.10208382299987,29.05310558400012],[-113.11663624799993,29.026198018000088],[-113.11436064599985,29.013734428000106],[-113.1147917589999,28.98447780100014],[-113.12328652499986,28.98635721700012],[-113.13575669699993,29.00033327200009],[-113.14707421099986,29.004075740000133],[-113.15916291899991,29.017744151000045],[-113.19074517199992,29.028753242000107],[-113.19940468899992,29.046809250000166],[-113.21627733799993,29.055408113000027],[-113.22948830299993,29.0595739150001],[-113.2436275469999,29.06947006900009],[-113.25089085299993,29.08197656300007],[-113.25817766499995,29.0877134710002],[-113.26292013699995,29.10287748100012],[-113.27573688999993,29.117226451000136],[-113.29269581599988,29.133263241],[-113.30065409099986,29.145094822000175],[-113.31254612599989,29.14626531600004],[-113.3210910919999,29.155550398000116],[-113.3350105249999,29.160959159000157],[-113.35397443599993,29.17073906900015],[-113.36207166999995,29.18757928100004],[-113.38720949999993,29.197237997000116],[-113.40553277599987,29.211974587000043],[-113.43103151399987,29.242771749000127],[-113.4275333869999,29.25201482500009],[-113.43461267999989,29.266778881000164],[-113.45012824099987,29.27971522199999],[-113.4819295949999,29.27844388300005],[-113.49608030899994,29.285201040000032],[-113.50316754699988,29.298122615000068],[-113.50460668599993,29.316581293000127],[-113.51168528599996,29.326409491000106],[-113.52444228999988,29.334423246000142],[-113.5315520409999,29.349202346000027],[-113.53936526099996,29.354764180000046],[-113.54367972599988,29.366527261000073],[-113.55857353899985,29.37821449000012],[-113.56067818599992,29.3861686420002],[-113.57198453299989,29.397790601999986],[-113.58910418499991,29.409598965000015],[-113.5934194269999,29.433628912000074],[-113.58840051699985,29.45684629800013],[-113.5736464049999,29.47852009700003],[-113.56459483599988,29.507679189000015],[-113.56895153199993,29.52447310600016],[-113.57114440599992,29.53994964600014],[-113.55980170599987,29.544275365000203],[-113.55835734699991,29.538080978000067],[-113.54911749599985,29.533139372000107],[-113.52362438299988,29.543113419000065],[-113.52364634999992,29.54992879600016],[-113.51087574599985,29.54933756200009],[-113.51084384199989,29.537581515000113],[-113.47678904899992,29.532103626000122],[-113.46329684399993,29.518877573000026],[-113.43277370799987,29.492536988000097],[-113.4193364789999,29.466392283000033],[-113.39516047499991,29.459317683999984]]],[[[-114.40006473399987,29.969303853000127],[-114.39478096099994,29.96018407300008],[-114.40707344099988,29.95864837000002],[-114.42201748599992,29.96623616000008],[-114.41588681499991,29.976131270999986],[-114.41854183299985,29.98677644600005],[-114.40184875999987,29.986034297000117],[-114.40006473399987,29.969303853000127]]],[[[-114.7155655589999,31.695217190000108],[-114.76256262899992,31.715643622000158],[-114.79820716099997,31.756659247000186],[-114.78612219999987,31.803045966000155],[-114.75523841099991,31.797796942000076],[-114.71007239499995,31.76373932500013],[-114.66954505099994,31.720933335000154],[-114.65269934799994,31.68976471600007],[-114.66608639199985,31.68976471600007],[-114.6779679029999,31.694403387000193],[-114.6874080069999,31.70180898600009],[-114.69367428299986,31.710272528000104],[-114.7155655589999,31.695217190000108]]]]}}]}